wallet,combinedVP,votingPercentage,rewardVP,rewardWeightedVP,rewardRF,rewardTotal
0xa532f169cee0e551d4da641031ac78fd85461035,398232.4247776675,0.7876710000,13.7003895510,17.6503988675,30.6030683796,61.9538567981
0x8f652eff4ba275e023f124a98af86025ab0e5eec,436665.9250000000,0.4349320000,15.0226172052,10.6867023895,26.1393539182,51.8486735130
0xfe698c212526f15cc25af671beba14aac309457f,393923.4587912011,0.0958900000,13.5521482002,2.1254858249,24.7962885412,40.4739225663
0xb3e2a7b1295d9ee03e1f300dfccaab2ecd47ee53,322851.7015781383,0.8904110000,11.1070666365,16.1758326817,9.5214774327,36.8043767509
0x2b29518e5ac3eda4cfc138facd6f023bffc5d65a,294252.2066654763,0.9691780000,10.1231582531,16.0470913704,5.9110861032,32.0813357268
0xd9d54f0f67fde251ab41ffb36579f308b592d905,330452.2399541232,0.4178080000,11.3685479476,7.7688815738,11.4968315713,30.6342610927
0x03b16ab6e23bdbeeab719d8e4c49d63674876253,217830.5564285695,0.6232880000,7.4940243272,7.6397758436,12.6284053402,27.7622055111
0xcf638db965f331d83bed792b02076a5e72a48b11,595460.7655738500,0.0479450000,20.4856358827,1.6064585496,0.0000000000,22.0920944323
0x60c4ae0ee854a20ea7796a9678090767679b30fc,206410.2246938797,0.8253420000,7.1011306706,9.5860171681,5.1708573708,21.8580052095
0x96fe6681b5b8be0c5d6e8eb690adec7ecb0831c9,196222.6993201247,0.8664380000,6.7506492495,9.5666478270,5.0177983086,21.3350953850
0x40aed3f394f2f0c168d4033a31ecf2248197ddfb,240190.5075000000,0.2500000000,8.2632736926,3.3788498913,7.8363672177,19.4784908016
0x2e21407be0545c706f25490fbba532943fcaed32,212406.2775599240,0.6815070000,7.3074128689,8.1453681620,3.3613160307,18.8140970617
0xa6ab5ca03954e8b2bb54e9006efb8e68824271fa,164679.8850000000,0.7910960000,5.6654818526,7.3306552112,3.7333667316,16.7295037954
0x9ff84b91998df96a6587db8dde8d4e47518107d6,139987.9850000000,0.9760270000,4.8160064516,7.6882171965,3.3006182024,15.8048418505
0x329c54289ff5d6b7b7dae13592c6b1eda1543ed4,192539.2332232107,0.3972600000,6.6239269705,4.3039490943,4.1644706137,15.0923466785
0x7d20e3ae9a4198c2cfc0e2d1d0bb81cbc41ab0a0,119581.2250000000,0.5684930000,4.1139527159,3.8252618512,6.8836123403,14.8228269075
0x4177a5c0e2369f6830a4c3825afc8fb3dd47790d,135663.8512158101,0.8527400000,4.6672432831,6.5095928595,2.8825065668,14.0593427094
0xd281f988242c900d67ff2aafabe683b8004ee778,130355.4291683626,0.8801370000,4.4846176468,6.4558354489,3.0365181422,13.9769712379
0x47d6f96ba098816389db7c87cbf077de7181b853,118571.7378795706,0.9760270000,4.0792233319,6.5120251155,3.2904412898,13.8816897372
0xbb73548a0e6f839fb58e9d59969ba6aedecdf5f1,106629.8866565768,0.8630140000,3.6683878411,5.1780929063,4.8614737714,13.7079545188
0xae79077d8d922d071797a7f8849430fed488c005,121904.2859838528,0.7876710000,4.1938729797,5.4030238057,3.3120750671,12.9089718525
0xc4cb6cb969e8b4e309ab98e4da51b77887afad96,109296.1570045333,0.8869860000,3.7601155361,5.4549993947,2.7812284553,11.9963433861
0x156e6c5a2fac34bb2fcf2ac1bbaa0e75bde3ac4f,139396.4729925930,0.4760270000,4.7956566648,3.7338461699,2.7364060042,11.2659088390
0x6fcf9d80e2b597f4b3fa764b5626f573a9fc93d3,98898.9533289564,0.9178080000,3.4024205526,5.1075965395,2.7416648738,11.2516819659
0x795f50722cf5ad82f78dda8dc8f7b235332977c3,108073.4050000000,0.7671230000,3.7180492006,4.6650562911,2.8645942570,11.2476997487
0x677975399cbd8aa7bd17a4b87c04ed07a85978d4,91138.1022162622,0.9280820000,3.1354240027,4.7594786218,2.9372430011,10.8321456256
0x2d5f86cd294ca6c92189340eaeff41fc63dc66ef,100241.1213692168,0.8904110000,3.4485951579,5.0223790030,2.3358380661,10.8068122270
0x180f207f8747a966ec94277a69610162d7fa3ff1,84249.1195987957,0.9280820000,2.8984223434,4.3997172849,3.3308092625,10.6289488908
0xdab73a0b1fe28197942915bfef5b5c321514045f,104121.1940810468,0.7465750000,3.5820812939,4.3740690314,2.3820320093,10.3381823346
0xa7f1c77998bae58614be010ad2a806639e280056,91902.0004653480,0.9383560000,3.1617043931,4.8525011840,2.0485357169,10.0627412940
0xe4ea40377d1eca80c5f6d060a18528f3f73b2b61,100475.3975000000,0.8458900000,3.4566549592,4.7824085446,1.6056045285,9.8446680323
0xffea5a2cfaf1aafbb87a1fe4eed5413da45c30a0,86288.8040755532,0.9623290000,2.9685936056,4.6725189701,1.3190947043,8.9602072799
0x299f70376d88868d26772f152751d25b910d6b33,118482.0225000000,0.6095890000,4.0761368539,4.0640835758,0.3933922701,8.5336126997
0x2848b9f2d4faebaa4838c41071684c70688b455d,82148.6064988569,0.8869860000,2.8261583941,4.1000581448,1.4543399367,8.3805564757
0xedd46a46aa5af54ad3c8a651caee2c75c9f2c325,87987.8377850230,0.4041100000,3.0270454599,2.0007613662,3.0113117107,8.0391185368
0xc0afef712a1341ca78da145b2afad346e8c3574f,123025.8272095608,0.2808220000,4.2324573609,1.9440188500,1.6798763659,7.8563525768
0xa33aa58fd2795ea89a84c19cacdad50915194980,31215.6310423698,0.7636990000,1.0739113110,1.3414280721,5.3256591771,7.7409985602
0x1d0542b616c691a002e90a713e7d094c0f8e022d,69695.5792000000,0.6986300000,2.3977369135,2.7398419583,2.3921671414,7.5297460132
0xc727bff1962590c71a6cb56c6d11f37bee740a5d,53864.5563294361,0.9246580000,1.8531022558,2.8025751591,2.5230780937,7.1787555086
0x579361d2636152df34db1d6dfd343f5037ddc71d,71385.7554004204,0.7910960000,2.4558840429,3.1777066145,1.5124762423,7.1460668997
0x17a3831b39cc557296d0c322f9c2d42c0b3a8f3f,59370.0964946123,0.6849320000,2.0425093464,2.2881698640,2.7014797214,7.0321589318
0x071d217637b6322a7faac6895a9eb00e529d3424,65049.1497515767,0.8116440000,2.2378858077,2.9708467992,1.5708450818,6.7795776886
0x35001a8bdb3a224d05f086094c12fd4c9009986d,39539.0000000000,0.9965750000,1.3602601615,2.2172196521,3.1099716427,6.6874514563
0x07a009e9e98649bff954cf3032ceb3e21e020f49,67775.3587249074,0.8082190000,2.3316755711,3.0822930749,1.2617777973,6.6757464434
0xb9ff017c875f5c39d0018d1df86fbd92943d5b82,56973.5325000000,0.7568490000,1.9600603587,2.4263611236,1.6608257596,6.0472472419
0x262944448ec574dd5f82136964bbf189cc1ab579,38408.0000000000,0.9349320000,1.3213503701,2.0205740330,2.6634772497,6.0054016528
0xce3214768474f006c50189d2d9583f19e3791f96,100763.0282779253,0.2705480000,3.4665503205,1.5339760841,0.9571407180,5.9576671226
0x852271883ed42cc3f9d9559b05ab4784fc768e93,55941.1203435898,0.8458900000,1.9245422847,2.6626746306,1.1927724273,5.7799893426
0x43ff4c088df0a425d1a519d3030a1a3dfff05cfd,49560.7599009959,0.9828770000,1.7050387534,2.7410072160,1.2302785572,5.6763245265
0x77427023e70cafd983dabaf3488d8d83ecb15b96,47375.0481041476,0.9417810000,1.6298437135,2.5105717535,1.3876556421,5.5280711091
0x38048af4da7d79d2b553836a6d4950d0ac4b60f7,51074.8201687292,0.8527400000,1.7571269666,2.4507360044,1.1950736698,5.4029366408
0xf8c82ff30d2ace28e34d2101d4aed3a2a872d50f,61564.7779781343,0.3493150000,2.1180129704,1.2101037383,2.0103036321,5.3384203408
0xf5bd90d482928829548a6f3b95f5adb70591e93e,69182.1558489956,0.3458900000,2.3800736106,1.3464962477,1.5723373247,5.2989071830
0xe5f6dbc39334f3e79c149efb8c8c9c8dec474af1,38557.5808136780,1.0000000000,1.3264963986,2.1696157621,1.7592939550,5.2554061157
0x0e05fc644943aae89dd3fec282c3f86431a7d090,58845.1108497705,0.8356160000,2.0244482660,2.7668790955,0.4243732380,5.2157005995
0x019ed608dd806b80193942f2a960e7ac8abb2ee3,48566.1455000000,0.9246580000,1.6708210355,2.5268986181,0.9117361460,5.1094557996
0xdf631777df4debcbcd647e85bdcb868b43663ba0,56177.4425000000,0.7876710000,1.9326724755,2.4898883310,0.6720275074,5.0945883139
0xfaff4170e628aef5c5ce84c47ebddb5a99517fe2,44849.1936446412,0.7534250000,1.5429467460,1.9013747215,1.5939822191,5.0383036867
0x4edb4161d16c89b71aec027930a943c3d4cf0777,41444.0624743226,0.9897260000,1.4258000232,2.3080772951,1.2052373060,4.9391146242
0x6e8d1cc55c33850102b7d8ababd7a16ce976d2e2,77896.2167360633,0.1267120000,2.6798634351,0.5554016440,1.5543707784,4.7896358575
0x417aff82d2cd9fd39fe790af5798ae865fbe8c48,58565.6642368340,0.5650680000,2.0148344646,1.8621593280,0.7813406168,4.6583344094
0x59e9f8f07f9d339c48c8521af341a1a2337a9e22,55223.0201569363,0.5000000000,1.8998374850,1.5536858438,1.1732042026,4.6267275314
0x2f08d099c60823ce5955e747909d216dcbc9bf21,33069.1682810130,0.9041100000,1.1376785500,1.6823548123,1.7181069233,4.5381402856
0x160fbd013c8821403f9f5f6868b6f50cda050be3,72043.9925000000,0.0410960000,2.4785293729,0.1665982269,1.7174350472,4.3625626470
0x6157730c4f8e2092f601460b836530e3252b3120,43576.4983660607,0.7294520000,1.4991622122,1.7886365384,0.9075913707,4.1953901212
0x1a518a3e674a76324058822ca5d8688cffc5033b,39328.0859442397,0.8732880000,1.3530040856,1.9325616298,0.8684588146,4.1540245300
0x451d5140852b90ba1f337d9094a359323341fad2,46923.5376697363,0.0308220000,1.6143104006,0.0813812981,2.3919133419,4.0876050406
0x1a760e3a431c8b9c075ed1280c8835a1a0f1651b,38416.4031000000,0.8219180000,1.3216394620,1.7767169319,0.8378363368,3.9361927307
0x8f9be4310f9abb0e5843cc6363908c9b01dfeb3f,44069.9182728045,0.8116440000,1.5161373365,2.0127084849,0.3700123821,3.8988582035
0xe1a1d5c32888c5b140917b296e82cf3a448f37a6,34091.4700000000,0.9931510000,1.1728487946,1.9051714385,0.8157152114,3.8937354445
0x7b3012531aaed7b48bc9bfbc1cd7e7f20b1bb5b8,52386.8171803219,0.4691780000,1.8022635980,1.3830335091,0.6931664065,3.8784635136
0xe4464675b21c1e9f80b839a2bc4ed7a3c586f86e,60525.8187154351,0.4657530000,2.0822696564,1.5862417760,0.2076009689,3.8761124013
0x18bfff508960710fee296502de84667c7f4e88cf,53147.6375000000,0.6678080000,1.8284380984,1.9971405577,0.0142847046,3.8398633606
0xe2de15659663f7024699e1e573c033e2efd5bcb1,26788.4958116627,0.9006850000,0.9216045838,1.3576702709,1.5599151237,3.8391899784
0xa98e714577ad2b41efbcb5f79c3cd663bc806905,30220.5216607982,0.7397260000,1.0396765643,1.2578993427,1.2904017750,3.5879776820
0x5f9ce0c2804af2a678d33e3617ee829c00ef6be0,43517.4817217193,0.4931510000,1.4971318626,1.2075822575,0.8067541318,3.5114682519
0x38ff11d71e32d6a97da15bdcfbcdfccdeda9e637,17931.6764835651,0.8767120000,0.6169034409,0.8846080674,1.9020453147,3.4035568230
0xa9465d03ba38726277b3e478ac98aa063a0c8d0a,32866.2732475709,0.8561640000,1.1306983524,1.5833629342,0.5959648417,3.3100261283
0x3d3d9e2f292ab523d2c518813be4416d1d641621,36804.0429342079,0.7226030000,1.2661694374,1.4964711159,0.5361447123,3.2987852657
0xcd8eddd0a27047d53d65f23d483a8a169d54526b,34769.0835501213,0.7431510000,1.1961607326,1.4539295386,0.6407611783,3.2908514495
0x3c25ae7dae49b3c24439549928bfc1df60a0ad20,33271.3791049954,0.7568490000,1.1446352087,1.4169453296,0.6495317061,3.2111122444
0x3e01cbe85caddb812a0483335f69815dafcb8eb7,34111.7409028577,0.9109590000,1.1735461744,1.7485407780,0.2339443752,3.1560313276
0x8efc96f7edb7f656a63b3195bf9728782115c4c7,31324.6386685771,0.7671230000,1.0776615002,1.3521476693,0.7205418405,3.1503510100
0x547c0dbd2fc303c8e97475ec072a58de60ec134a,29828.2836000000,0.7808220000,1.0261823988,1.3105492755,0.7816960306,3.1184277049
0xde34393312c0c1e97e404d18a04580e9610e063c,24592.5115674908,0.9931510000,0.8460561410,1.3743306064,0.8670588787,3.0874456261
0xdb10d21f28a34fd04e4425eac777483798f7e217,35268.9326985289,0.5616440000,1.2133570422,1.1146191257,0.5528702329,2.8808464008
0x37e2a074b7bed2bf2e35c3767a8b673db2658bcc,21053.4700000000,0.2157530000,0.7243024989,0.2555957209,1.8996738652,2.8795720850
0xa60ca8a1400333468a736c7247baad6350c6496d,29420.5330541171,0.8150680000,1.0121545574,1.3493276810,0.5171809028,2.8786631411
0x346e7d415382b91905080ccdae6e5147866a6561,39865.8150000000,0.3664380000,1.3715035775,0.8220045112,0.5091775707,2.7026856594
0x7d9fb540504d8f277099472b89113485f712c546,27574.0084833428,0.8698630000,0.9486285752,1.3496582477,0.3743651865,2.6726520094
0xd07ee1049929e97680f7bb176721ea1e6114f42c,29526.1249058316,0.5513700000,1.0157872337,0.9160572894,0.6876647039,2.6195092271
0xc7d61f99980e6575409680e6ceec3345f53c62e7,50794.1858509469,0.2328770000,1.7474723046,0.6656005179,0.0941622988,2.5072351213
0xf1950fc03486a502b05f93df1a7a4edc741257c6,27174.8289290419,0.7089040000,0.9348956015,1.0839950411,0.4756136990,2.4945043416
0xe5465ced137ecf8c80bbf7a1e2f2bf457a12a466,21468.0000000000,0.8219180000,0.7385635739,0.9928716907,0.7358872384,2.4673225029
0xa14c5e8d3b5680db8246b18cf986c54905c2249f,26042.6076308212,0.6780820000,0.8959437938,0.9936644066,0.5611551746,2.4507633750
0x7d1368528d8dd105368c91700f1ac30d81628794,23125.6881407652,0.8013700000,0.7955930167,1.0427994531,0.5219551871,2.3603476568
0x409ceb81bb143a400b02445ca273b37720b7665e,25302.0088011722,0.8595890000,0.8704649733,1.2238238191,0.1864415465,2.2807303388
0x75c32299da1395c5ba98c6e213f0deb1320a33cb,41871.5875000000,0.1815070000,1.4405081660,0.4276474191,0.3951413614,2.2632969465
0x472d7e705f3baa44f82bff5b397330015d810828,23300.2886607778,0.8184930000,0.8015997981,1.0731225494,0.3862789133,2.2610012608
0xae5b56ca47e84b6c749e0454680c4161b9da9790,23818.9759246519,0.6506850000,0.8194441953,0.8721012932,0.5416849075,2.2332303960
0xdf572e905e2730efdbfb8d11829571d3a516acd3,24729.0175000000,0.4280820000,0.8507523544,0.5956715782,0.7834216671,2.2298455996
0xa02a7a705c8776c58fc8f3f8df5189eaef8f26fd,28868.7679491758,0.5273970000,0.9931721833,0.8567200965,0.3694007905,2.2192930703
0x4eb172821b5bc013269c4f6f6204f092d44197ec,18569.1950000000,0.8390410000,0.6388359895,0.8766965752,0.6830417933,2.1985743580
0xf1b2caf073b70dca2bf8d540670abc9d7cc76882,22090.4604157440,0.7602740000,0.7599780787,0.9450351369,0.4918876176,2.1969008332
0x11f11dafde2ed523cd935184dd28876ce52f1652,33642.3314782228,0.4383560000,1.1573970827,0.8298241901,0.1955864987,2.1828077715
0x7fbd1e4c9449c2443e0ad17537d77645bd23cc21,20564.5532858894,0.8732880000,0.7074822978,1.0105314220,0.4575309427,2.1755446626
0xe6390b6188dedbaf7339672cc4d75ee825b2654e,21322.6285208672,0.8219180000,0.7335623591,0.9861484176,0.4035081815,2.1232189582
0xc4fe12630feffdb5ee72eddcbbb43b595407442f,20787.8875000000,0.7089040000,0.7151656645,0.8292220357,0.5660535110,2.1104412112
0xeae9c2a2c803becbc81f3a485a7cda9d03e33165,22246.9250000000,0.7260270000,0.7653609296,0.9088575354,0.4198019429,2.0940204079
0xd144bd603b2399f578af0c6efc30cec9c727c8b2,42205.9261958410,0.0102740000,1.4520104197,0.0243997876,0.4998892940,1.9762995013
0x6519e6117480d140cd7d33163ac30fd01812f34a,5789.8506942889,0.9109590000,0.1991882253,0.2967831535,1.4649233826,1.9608947614
0x79f563398ff8a5a5ff18650e56b9bac8be84bfa5,17722.0575000000,0.8013700000,0.6096919193,0.7991352195,0.5223064038,1.9311335426
0xe9da1801adcb61a41c6bdfdb7049c5e14383e8fd,30335.7059873523,0.3493150000,1.0436392505,0.5962719663,0.2781359893,1.9180472061
0x6f88d648e83a1a4b2e9d61304c9ce5d1ea9a9ca9,20747.2510050159,0.7191780000,0.7137676472,0.8395953113,0.3287468103,1.8821097688
0xdc5aac3b5bd12aff946a6c263172bfc0392883d1,16210.2275000000,0.8630140000,0.5576804339,0.7871907836,0.5298893453,1.8747605628
0xba39c047714b4ca6244dc433d3ae3924691e0171,24968.3621625825,0.5136990000,0.8589865285,0.7217251263,0.2299011353,1.8106127900
0x43fbf8dd759778a54fd50c3f0aadfbf47c490451,24539.0000000000,0.5856160000,0.8442151826,0.8086169567,0.1236036927,1.7764358320
0x8628d73d3f950abde99739ef34b6cfa10394f579,16193.6850000000,0.8869860000,0.5571113223,0.8082309963,0.4104047692,1.7757470879
0x85362d4700d2f8d55d1d779b31b837c863ae3c14,18545.5083896629,0.7054790000,0.6380210991,0.7362001195,0.3925839385,1.7668051571
0xd52a4333bd8cc9ab3c77df19ded4900b7849a07d,17470.3758085770,0.6198630000,0.6010333144,0.6093558866,0.5518998961,1.7622890971
0x9028421a2969fb49af5a6e1fc85c24a712485246,18379.3832050774,0.7773970000,0.6323058946,0.8039829576,0.3166866887,1.7529755410
0xded7cfb53cf1658e07432a3c4c8c0064d5bd626a,16567.5864513906,0.9657530000,0.5699746534,0.9003230336,0.2737833707,1.7440810578
0x543d8004afa943344e6fba44e189ed0dd4e71d56,16174.1863442424,0.7397260000,0.5564405101,0.6732345192,0.4883157618,1.7179907911
0x46860b4dfe30ce16e6c3100c1be4344cd5941959,23884.0423198288,0.4726030000,0.8216826744,0.6351515408,0.2284503651,1.6852845803
0x20906e454a9d20181350630ead131d8dfa21dd3f,21459.1025000000,0.4280820000,0.7382574732,0.5169059973,0.4232880652,1.6784515357
0x8b200f4c81c54d9014b4cda3f16501069fa20ab9,13322.6500000000,0.9109590000,0.4583391093,0.6829084702,0.5052390803,1.6464866598
0x23abad8c65a9a93abcc343892aaf3d6e88b5ccc9,19384.1675790011,0.8527400000,0.6668734900,0.9301154120,0.0362822825,1.6332711845
0xa9be601f305b8f4325568f4c7a89bc94be815a57,14205.0000000000,0.8287670000,0.4886945951,0.6624402887,0.4525447426,1.6036796264
0x1bdebaf12ec0ce61bcfc4c8e2bb15f1286fbfe2a,18452.7395962368,0.7842470000,0.6348295744,0.8143043765,0.1441440191,1.5932779700
0x0465c733bcbc4e15f15d393d919cf6dc8ae757ce,22117.1980126960,0.5821920000,0.7608979322,0.7245517160,0.1014800694,1.5869297176
0xbdc7a955505e20410061744f556f6dec761bfb8f,19719.1497403303,0.5616440000,0.6783978809,0.6231927014,0.2846439362,1.5862345185
0xc3c2e1cf099bc6e1fa94ce358562bcbd5cc59fe5,36763.2272141214,0.1198630000,1.2647652543,0.2479544012,0.0403200736,1.5530397291
0x735194b0ff3d9fca8561770ebf484eac90b46647,19067.6430326059,0.6404110000,0.6559840965,0.6871140763,0.1914070480,1.5345052208
0xd2f2ffc0a7b5ad0cca44c7c9ca11143e6e8bbba7,31546.9150000000,0.0136990000,1.0853084725,0.0243174936,0.4064093511,1.5160353172
0xa322f14c4e9628f5934420a6098a01e7c999e657,15567.5807344973,0.7260270000,0.5355714582,0.6359851107,0.3214885144,1.4930450833
0xfec90ee4a1ea9ccff0d1971c61fe5a4488594a58,19414.2636239460,0.3732880000,0.6679088842,0.4077913425,0.3239172200,1.3996174467
0x9c155d672e1d7bb3632cb5602aa004577f3e964a,15421.5404047107,0.7191780000,0.5305472329,0.6240755951,0.2445251941,1.3991480221
0xa44eea8180ac3f66e7dbeab8d0a15cbf1c90b05f,14755.5300000000,0.7842470000,0.5076344779,0.6511495268,0.2360543561,1.3948383608
0x7dbfe62be1ac737d26823611f251d362c52a1141,19100.4400000000,0.1575340000,0.6571124105,0.1693131626,0.5401584187,1.3665839919
0xb3749ab08c12ae8bcd95a5f11272927a2ebc36d5,12189.1475000000,0.5993150000,0.4193432243,0.4110565093,0.5265118290,1.3569115626
0x1a08b4d6497fa6d5970bd8f6c72bc5fbc8dd500e,15478.0659004432,0.7226030000,0.5324918795,0.6293460366,0.1859853137,1.3478232297
0x59fc6b4e064b62cc7aed200a71aef3eac36c1287,10184.0000000000,0.8184930000,0.3503601377,0.4690362511,0.5220576866,1.3414540754
0xf5fe364d18f4a5a53badce9a046ba74cfc97f6fb,14016.8150000000,0.8493150000,0.4822204668,0.6698710135,0.1698589042,1.3219503845
0x2fa37cb96c19e9b1f9ad060aed00c0cfc727ae39,13266.1665627385,0.7089040000,0.4563959096,0.5291830468,0.2583260096,1.2439049660
0x2127aa7265d573aa467f1d73554d17890b872e76,17687.0589376439,0.5239730000,0.6084878638,0.5214799094,0.1092510062,1.2392187795
0x4ada1b9d9fe28abd9585f58cfeed2169a39e1c6b,11923.9189430158,0.9931510000,0.4102185667,0.6663575905,0.1519430098,1.2285191669
0x124e64c9ed898d4a8b130f6acb76b33e21cd711c,12426.3375000000,0.8698630000,0.4275032716,0.6082289017,0.1867443305,1.2224765038
0xa1d38da3ce3ebe5081e7ad8a0ac2ab5d08541de0,16562.1786188663,0.6404110000,0.5697886078,0.5968281472,0.0552245961,1.2218413511
0x4cb087cc190943591852f54d1d82e3647228e2c2,20854.8200000000,0.1815070000,0.7174683432,0.2129966997,0.2821838969,1.2126489398
0x70a8c4e53a9078049ca1b2cee477436c8eb61b2d,12375.7494783914,0.7808220000,0.4257628919,0.5437466577,0.2366504457,1.2061599953
0xca4ad39f872e89ef23eabd5716363fc22513e147,28045.7979102199,0.1164380000,0.9648595462,0.1837534862,0.0509560202,1.1995690525
0x0d15764e7f13e780ca0ae83a15a8d819db05ef2b,12195.5051328579,0.8732880000,0.4195619460,0.5992807611,0.1279112966,1.1467540037
0x3fc3e6514fd4925f55fb3ae17bbfbca2eb126608,11618.0142322737,0.8150680000,0.3996945273,0.5328424258,0.1988488492,1.1313858024
0xe3570b119b995d087bacb2390ae98d9e45a8c59f,13811.8581708809,0.6780820000,0.4751693373,0.5269960692,0.1179083171,1.1200737236
0xd8f35ef085d202fa7cad0e0c61da737b60e1f855,12948.8600000000,0.8047950000,0.4454796124,0.5863944548,0.0833050643,1.1151791315
0x4dae5b5bf3dc068bdfec47b8b402aff28fe6707f,12011.4037131305,0.7636990000,0.4132283051,0.5161655744,0.1817404634,1.1111343429
0x635c1bafe7b01a8c52c73cba97a35b4b8d96ae81,9879.8285258852,0.5993150000,0.3398957269,0.3331789878,0.4303047035,1.1033794182
0x60523cd3f5cf0061c6f042545371fa6ff8cd397b,14709.8725000000,0.3082190000,0.5060637230,0.2551181549,0.3188911922,1.0800730701
0x23230789629cde13f28ed45f3540a5d008d59db3,11905.2048020889,0.7431510000,0.4095747441,0.4978367894,0.1600084269,1.0674199604
0x5b1c410f66a0b0b7a8008e256406dfd18593e4cf,14379.9441685311,0.5753420000,0.4947131991,0.4655392776,0.0693473082,1.0295997849
0xe1bcd0f5c6c855ee3452b38e16fed0b7cb0cc507,9730.5643412950,0.9486300000,0.3347605914,0.5194071616,0.1705443316,1.0247120846
0x14e495f1c792185c4491b2317a02f3c3c6775c82,10493.5031118786,0.8047950000,0.3610079728,0.4752026075,0.1790514675,1.0152620478
0x551486c2335d027662b4c603ac203d7a7b30320e,12426.3705915183,0.8047950000,0.4275044100,0.5627333069,0.0098807572,1.0001184741
0x7540db3e26d453ee6298bbdd263a8e4d88bfbe7f,11385.8445840165,0.5890410000,0.3917071953,0.3773842977,0.2290367610,0.9981282540
0x3297e2c5adbd19032d9929e0432bf70dd98966cb,17809.7321227669,0.2260270000,0.6127081892,0.2265117617,0.1365773677,0.9757973187
0xa915023b3ed1e00e078789e63de079b4d6dcc348,11947.9825000000,0.6643840000,0.4110464252,0.4466700082,0.1018612749,0.9595777083
0xb652158f67b9fb39c29412d6f8e1c563ff6724f2,11063.6889192666,0.6643840000,0.3806240744,0.4136110863,0.1432536525,0.9374888132
0xca7a6a53d5576102765a0281c723f863d881dc96,10450.2291998407,0.8390410000,0.3595192205,0.4933805773,0.0776630767,0.9305628745
0xe0c74c6ac956dba68797d76f77f1f5a52258aa7e,8993.9000000000,0.9280820000,0.3094171291,0.4696858255,0.1428200636,0.9219230182
0x783a3debbf503ae7771e1b61d12ccefbd3320a6a,9662.7099038315,0.7602740000,0.3324261953,0.4133730219,0.1738779552,0.9196771724
0x063d6360bafe1981578e8b359c8176f359e23c26,10773.4176000000,0.7636990000,0.3706378706,0.4629656463,0.0782403109,0.9118438278
0xaf568b4acab91a8119994c69b86648271346796d,9768.0346824760,0.5513700000,0.3360496835,0.3030563409,0.2578154306,0.8969214550
0xf0803b4cf6359d64913ec6a0b8227640afe69b2a,8879.9600040545,0.6369860000,0.3054972516,0.3182833693,0.2721179995,0.8958986204
0x5b95a971b4583a5f011e9da082acdd679b870d06,14603.0225982254,0.3595890000,0.5023877660,0.2954759959,0.0924890293,0.8903527911
0xaa5150a579e91dfc14a6af0c2b665b190a03e89f,23110.9443499952,0.0650680000,0.7950857861,0.0846171122,0.0000000000,0.8797028982
0x3ca2e945a3bc25399c75f49e9e45d34d897c1041,10593.8169414207,0.5445210000,0.3644590694,0.3245937456,0.1773389567,0.8663917716
0x4d00b44569c615f49f50814e4328f354b89e9efe,11465.7175162627,0.6541100000,0.3944550636,0.4220122680,0.0498566554,0.8663239870
0x3b3120e283c08daabb5e3f240e008387ef8a67db,7693.0000000000,0.9417810000,0.2646622682,0.4076793433,0.1781253553,0.8504669668
0x984c48852f92288bd1afd6ff5d9c26e3d0a9339a,8406.3382611819,0.8287670000,0.2892032434,0.3920237342,0.1675912169,0.8488181945
0x7bd0fafe34a8b64afaf16166d644cdbb2b950aab,7086.6706441999,0.8630140000,0.2438027202,0.3441384038,0.2453832670,0.8333243910
0x478fa4c971a077038b4fc5c172c3af5552224ccc,7409.4425000000,0.8013700000,0.2549070399,0.3341116831,0.2293823762,0.8184010992
0xe52af3f93db8280667973ef8770a355a73db6e26,9938.6989604527,0.5342470000,0.3419210464,0.2987752910,0.1684313484,0.8091276858
0xce9332f4d44e9efccc64f88c9bd23e288c0ae5a2,19244.2257741912,0.0821920000,0.6620590723,0.0890026713,0.0235654838,0.7746272274
0x9b81fcdb243ff7137afcb77209d1d4be9dc3a6b2,6876.6443995146,0.8630140000,0.2365771876,0.3339392426,0.1970951910,0.7676116212
0x50e82f866800d3f1f542970dcf0d292bd490db33,8364.8525000000,0.5000000000,0.2877760088,0.2353430305,0.2367721492,0.7598911885
0xeb7989a7c04b70cea2bef6c2160ab7afca2a0d98,8806.2859655881,0.7671230000,0.3029626437,0.3801288554,0.0754409693,0.7585324685
0xed75012f14d89e87d2505ad6dbc0b8f591c660ea,11075.9200723050,0.5171230000,0.3810448627,0.3222899159,0.0489419373,0.7522767159
0x6d06dd922210c87df1f532b4805badf782e598b9,4583.1000000000,0.9383560000,0.1576723829,0.2419914481,0.3436969753,0.7433608063
0x638dd68ae2a2563645fcaaff2e84910aa21f9ae6,8090.7953689737,0.6369860000,0.2783476217,0.2899974335,0.1555577065,0.7239027617
0xf1cd34afa3e93559ef2e26e06d39a1a707be4fb4,19207.8360216421,0.0547950000,0.6608071557,0.0592232751,0.0000000000,0.7200304308
0xbb26bfc9c11a8794be3075c16f3c3ce0dbeb80e3,10452.7483182212,0.5205480000,0.3596058857,0.3061711924,0.0491673774,0.7149444555
0x750e361ee017e398c922f2b634387ecff810df6c,11854.5665343211,0.2500000000,0.4078326359,0.1667626305,0.1389398136,0.7135350799
0x3aef590df6febaa81477c1cea3009bb9e096730c,7940.3867082589,0.7876710000,0.2731731128,0.3519326500,0.0879547730,0.7130605358
0x038f77ab71fc40949eea81aa65b471c6a3f1a02d,7542.7250053410,0.6472600000,0.2594923578,0.2747135576,0.1751061083,0.7093120236
0xb5625ce0797a7a93eaf9fbbcf097862be18efd07,10165.8532850449,0.4691780000,0.3497358363,0.2683827058,0.0759366952,0.6940552373
0xf24f0a86e0b8367bf065471bbdc89008f0087fd3,7865.3850000000,0.6301370000,0.2705928291,0.2788868368,0.1348940820,0.6843737479
0xdc25324b8186de47a976191a54ea0366428af632,8793.5674198989,0.4863010000,0.3025250876,0.2406264202,0.1380234419,0.6811749497
0x14bfc79a2d8076a4e468f16640355bb47a68580b,19235.0000000000,0.0102740000,0.6617416780,0.0111200004,0.0000000000,0.6728616784
0xcbef46a7cbe1f46a94ab77501eaa32596ab3c538,6793.8900899793,0.7431510000,0.2337301912,0.2840982987,0.1535473965,0.6713758864
0x300010ded7b789ab5764bb52dde82edd6d29908d,6183.3568909828,0.8527400000,0.2127260184,0.2966975764,0.1494901524,0.6589137473
0x9f32b5a3a6a21df1671c74372f18415cb3fcaca2,8661.5326412840,0.5410960000,0.2979826953,0.2637194247,0.0967443746,0.6584464946
0x05ebff07711a5b6042c27fdaa683a5c6d55b6684,5355.7825000000,0.9006850000,0.1842549778,0.2714369156,0.1931830183,0.6488749118
0xc0c3a547231ea6aebc543826bc55895b015467b3,8371.1175000000,0.7020550000,0.2879915436,0.3306949968,0.0254015794,0.6440881198
0x60ec766d338d87b9aeed39eeabe5f2b797baceec,6867.1200000000,0.7328770000,0.2362495197,0.2831905642,0.1211949772,0.6406350611
0xba21325681ffd7d623993a2a564f6390654e2948,5708.6966188060,0.9212330000,0.1963962818,0.2959235308,0.1473970101,0.6397168227
0x24970b51dd29dc2dfa264cd51c41998c68e3d7e6,6940.1500000000,0.7054790000,0.2387619707,0.2755027876,0.1248521740,0.6391169324
0xe23da0be88c9b56c815c0525e5c1c687a99a8def,5350.9841468657,0.9554790000,0.1840899001,0.2876920497,0.1619022501,0.6336841999
0x9098b23ed9cc4ca858b642af81442e9e591ff073,6225.8893487019,0.8767120000,0.2141892625,0.3071364771,0.1116571186,0.6329828583
0xcc2fa07d141d70271effba7701003581348839c2,13552.0002499175,0.0924660000,0.4662294456,0.0705112675,0.0951502886,0.6318910017
0x79d87c8bef0f0620d773983a6be6ddca784ca8a9,6824.5938152934,0.6335620000,0.2347864915,0.2432982466,0.1470397732,0.6251245113
0x9a8ab692a6d73242c74a727ac7587aeda778b131,5893.6425000000,0.7294520000,0.2027589747,0.2419098531,0.1711996638,0.6158684916
0xa2faa3405a734c04ae713aaa837e6cecc2caee9f,7946.3754723603,0.7054790000,0.2733791442,0.3154468699,0.0268828793,0.6157088934
0x29f227b10c58457d8837031c813216de82f9abaf,7614.0817313817,0.6095890000,0.2619472431,0.2611726560,0.0898652539,0.6129851531
0xeb8c587a8b3bcb23efbf6d4e41c6ac1f90bf5c27,7148.2075000000,0.5136990000,0.2459197726,0.2066231228,0.1537757675,0.6063186629
0xa499df2bdae854093e5576c26c9e53e1b30d25e5,10295.0154207476,0.2157530000,0.3541794011,0.1249847122,0.1270401841,0.6062042974
0x89a1145fccac1a2a9350ec1a4a486e4458d26274,5475.4375000000,0.7534250000,0.1883714686,0.2321303374,0.1847847318,0.6052865378
0x2a8d763a923d546e0a73c954a08be37978e380cc,7385.9921082399,0.7910960000,0.2541002761,0.3287843050,0.0223708712,0.6052554523
0x00987cbce7014389197f9d5468dab5a8facffee0,7209.9013186750,0.5376710000,0.2480422250,0.2181318001,0.1366821476,0.6028561726
0x10dbc99c90234e4447f0366e8368d688f622475a,7670.0025000000,0.5513700000,0.2638710852,0.2379642341,0.1008661829,0.6027015023
0x75bbecbc4fa323d304e41dd383f1f1878288db00,6683.0318110919,0.6952050000,0.2299163340,0.2614324333,0.1066423813,0.5979911486
0x314d4f49ec84c69dad52a9b3fde8720067d206fd,7320.7273286047,0.7226030000,0.2518549720,0.2976644988,0.0462349067,0.5957543775
0xc7e512186d27c2226686dc30a9cd3d8af80c6764,9087.7775000000,0.3938360000,0.3126467966,0.2013938235,0.0747963687,0.5888369888
0xf2c38389029df15bac7d81c9959b67787218202d,7632.6875000000,0.1986300000,0.2625873374,0.0853091027,0.2124148849,0.5603113250
0x119b91827df70f4378de9912fdfa101fb40364b8,6335.0406475256,0.5034250000,0.2179443945,0.1794556905,0.1548063440,0.5522064290
0x6b3be6c88c8875168c694e57e62d1de554ee6902,7783.7000000000,0.2568490000,0.2677826202,0.1124959838,0.1682067596,0.5484853636
0x295c8a1e704f4b6ff1e9adcfc5ab5ff96a85fa11,11544.9139476630,0.0171230000,0.3971796583,0.0111235550,0.1381495636,0.5464527770
0x61477eaa5e33400acc353390ca001be0eb706eb4,6833.5867597071,0.4246580000,0.2350958757,0.1632905578,0.1368626369,0.5352490704
0xc0719b1040f7f8e904a6509f99335656c1d881ed,5082.7000009570,0.8904110000,0.1748601210,0.2546584218,0.0943069241,0.5238254669
0x19e02b992c0295d27eecff941d5dbfaf85409d86,6763.4800000000,0.3972600000,0.2326839930,0.1511882702,0.1268950772,0.5107673404
0xa9a0c84fe5780d5a5c67cc14165b546f8ec6dcab,6501.6378897024,0.3527400000,0.2236758392,0.1290477801,0.1516142993,0.5043379186
0xa540a85fad845fc76a9c9a13c96ae1b1fa12ea07,5805.7060749669,0.7191780000,0.1997336980,0.2349440703,0.0691061354,0.5037839037
0xa5fa57608c5698120a7c3c9d50ec346bb3980223,5266.6315965517,0.7054790000,0.1811879194,0.2090692112,0.1094926687,0.4997497994
0x296ecbbea7df97b1def2996bc2d727bad8515bb2,5228.0625198018,0.5958900000,0.1798610275,0.1752991941,0.1387659798,0.4939262015
0x82131e86d080312e13605aada6538a94df5b41a5,4087.7922057754,0.9383560000,0.1406323095,0.2158387893,0.1277918154,0.4842629143
0xb71fb919489092f5262cc39235f1bd18f728dd4b,6808.1752640867,0.5342470000,0.2342216441,0.2046660789,0.0419211299,0.4808088529
0x5ae7ae79765973ca60ee9f9e29866b63952ae807,7441.9399718920,0.4794520000,0.2560250504,0.2007725556,0.0141956937,0.4709932997
0xbff64d0aa474b778ed52209cf6b615b7619bfc94,1342.0000000000,0.1061640000,0.0461688241,0.0080168330,0.4120718650,0.4662575222
0x3e35faae5fb365cad9fa38e54784b98567a6d765,7130.3965779494,0.4075340000,0.2453070235,0.1635123582,0.0569599366,0.4657793183
0x435d821ee5b346850545cb18443ca9808a9d47d0,7113.2209270699,0.3356160000,0.2447161296,0.1343327806,0.0843231274,0.4633720375
0x2bf034eccebc8cd60dab9c249b6c2996dcb7d8ec,6052.6415000000,0.5445210000,0.2082290170,0.1854524753,0.0690439349,0.4627254273
0xb9d8286cb05c873aeb564cd5fe1338a38fb3bb39,6830.7283123453,0.4520550000,0.2349975365,0.1737526107,0.0392298780,0.4479800253
0x2d6d9a73afad28b08609e12058dd7c4d9bb8f0ba,5102.0450000000,0.5308220000,0.1755256470,0.1523934316,0.1147650568,0.4426841353
0xe3d2283e983d9ec973d1e773358981a7e9c62409,5188.6494512456,0.5958900000,0.1785050998,0.1739776569,0.0845787215,0.4370614782
0x5d5cc66fc2f3829c399e47f7b71a5be4918a8851,5244.0721675492,0.7294520000,0.1804118074,0.2152476551,0.0347281350,0.4303875975
0x49a338c8a8c92f3f7e5a4700a191bb41595591b2,4733.2651182125,0.6472600000,0.1628385132,0.1723902301,0.0910196715,0.4262484149
0xabf128d4be3072cdfcb021e702d2b8d8437c789d,4795.9389870268,0.7568490000,0.1649946822,0.2042471196,0.0560250730,0.4252668749
0x119cbec59eb0bfb89971fcb96e3b1cad8a66e2d9,6266.1157750029,0.4383560000,0.2155731722,0.1545604665,0.0497383534,0.4198719921
0x8347eb85648d2079604010ddb7649ce1cea8c2fc,4110.3675000000,0.8253420000,0.1414089673,0.1908919652,0.0833824353,0.4156833678
0x5cc81f1afa43f8f3c65fc9ce96d5a0568f4e285f,5162.0676977112,0.6780820000,0.1775906078,0.1969604199,0.0408213507,0.4153723784
0xe7dacfa93fee4c6d383afe7136baf23c6957f098,5872.0321553269,0.4726030000,0.2020155140,0.1561557387,0.0543479297,0.4125191824
0x73e9c88d26343eca36bb1297cfd0f8d6f02ff8ea,4260.2872565495,0.8082190000,0.1465666565,0.1937496777,0.0684512736,0.4087676078
0x6feca0738ba64d7aee428f1bf31c743a9a243a8c,6793.3283700015,0.2089040000,0.2337108664,0.0798550550,0.0902197250,0.4037856464
0x353807396aa42b7fea5a98d1da7cebcdd6e0406a,4896.1016310937,0.7705480000,0.1684405775,0.2122868884,0.0184972334,0.3992246994
0xa9984bb9251d03781677ad543729374a6eb72d41,4559.9164843259,0.7808220000,0.1568748004,0.2003466014,0.0402116348,0.3974330366
0x1c8915f70850873a03df2d6cdba71b226bcdfeb3,4505.2579344899,0.6232880000,0.1549943824,0.1580088731,0.0720052757,0.3850085312
0x80d2fcdbe12a3d0b5b99e133478644cffd07811b,6341.1654628897,0.2773970000,0.2181551065,0.0989791900,0.0675240490,0.3846583455
0x001daa61eaa241a8d89607194fc3b1184dcb9b4c,5340.1016479607,0.5000000000,0.1837155095,0.1502424227,0.0496822409,0.3836401731
0xe099d8ac97fcb3eb13a3fe080ff3b5a8ff6b94aa,4981.1397401830,0.5547950000,0.1713661435,0.1555014037,0.0547146521,0.3815821993
0xcbf7d1c2012629e4689f6c2ca10c4e3a7ce1a75c,4948.9549259276,0.6746580000,0.1702588894,0.1878755317,0.0191800502,0.3773144713
0xa819c50d511187ce0f6aa352427586d6d0c187f7,3560.2200000000,0.5787670000,0.1224822437,0.1159454328,0.1381146816,0.3765423581
0xac4734d5cd80c12f3c90edc9dc5589c11ee17896,4848.0000000000,0.7500000000,0.1667857372,0.2045958990,0.0000000000,0.3713816362
0x1e39cc29009ed4760c186d8771295c1e224882d4,6038.8347494654,0.3767120000,0.2077540234,0.1280075690,0.0237054483,0.3594670407
0xee5cda91e4ddcde24d44dafd74bed4ba068f8ac2,8889.5877193631,0.1061640000,0.3058284738,0.0531045757,0.0000000000,0.3589330495
0xdddff3048c1d89fa8fe1221b7bc35624622b9058,3202.7618606911,0.7534250000,0.1101846118,0.1357806004,0.1062872811,0.3522524933
0x4a32007040567190bed4fa6ff3f5a03c0d47c9d7,6483.9977158444,0.3047950000,0.2230689643,0.1112048533,0.0136698937,0.3479437113
0x7bb85b553c04cf2dfcbbdac998ea3621e17236c3,6222.4730934892,0.1609590000,0.2140717331,0.0563574510,0.0766071138,0.3470362979
0x1c28b4f1c0ce16597d52fff5978080a3fe4d119c,5088.3872048540,0.4589040000,0.1750557779,0.1313938520,0.0351776595,0.3416272894
0xd4ffce70f7c3c6a8d099a587280320586fbe5595,5871.7793416831,0.1986300000,0.2020068165,0.0656277657,0.0699378806,0.3375724628
0xbedb7059937d6e9562b68a8b40fb3012d4b1e0a0,4256.5324006743,0.5958900000,0.1464374782,0.1427233697,0.0377453740,0.3269062219
0x30dcca068f593cbffb5affe8a89f35ae49614972,3765.5331139710,0.6746580000,0.1295456304,0.1429496826,0.0462352216,0.3187305347
0x537c666ca10453f9378f78a57c810e022ac5972e,4026.6958936085,0.5616440000,0.1385304132,0.1272573881,0.0487437431,0.3145315444
0xf2cb1caf152c6e36f1ff1a1c8eb88232221ccde0,4801.8900000000,0.2979450000,0.1651994149,0.0805047227,0.0641351752,0.3098393129
0x2a254c18f8e1794b05bea298ae27126df160b9e0,3354.9592740833,0.7157530000,0.1154206592,0.1351211956,0.0575816982,0.3081235530
0x4ac2c547b842aa861b06fb1a3d04d1f778131fa5,4644.9412203998,0.1986300000,0.1597999063,0.0519156284,0.0946995388,0.3064150735
0x5ddcb74d0cab872e672028405273879085c1dd48,4193.8850000000,0.4109590000,0.1442822198,0.0969813138,0.0626031892,0.3038667228
0x54fd0462b48f4758331357239546a799294f0b7c,2957.5875000000,0.7876710000,0.1017498786,0.1310857575,0.0686321334,0.3014677695
0x00d672e53e8e9bcd4ee4bb2f05032b3c25e3c04c,3399.0044813319,0.6609590000,0.1169359464,0.1264152033,0.0562744616,0.2996256113
0x5f45f8296be3f38119d0c56ad339f6bf66154b9b,3420.1721701179,0.7739730000,0.1176641784,0.1489521682,0.0271603636,0.2937767101
0x26bac3547908e923b641c186000585e8ce98f4db,3253.6511074083,0.7226030000,0.1119353545,0.1322951099,0.0420060461,0.2862365105
0x5e4568c4d8343052a06ec8aab1e124af08b73248,3383.1016109428,0.7191780000,0.1163888400,0.1369066316,0.0282250261,0.2815204977
0x83bb781a2a2ca1fec0350f178c911848811cc440,3333.3225000000,0.5753420000,0.1146762893,0.1079136699,0.0505686153,0.2731585745
0x57a2e7672042e1ce4cd365a8b5cd4ada2d8a8a5e,4129.3450000000,0.3047950000,0.1420618502,0.0708210004,0.0445139159,0.2573967665
0x053bdf48af983da9794eda2f195f2f29bfef259a,2775.3884523009,0.0821920000,0.0954816850,0.0128359015,0.1480214732,0.2563390597
0x36c01f66fe9cfad31bb60069fdf7a2ca4f9b3ac7,3468.3300000000,0.4452050000,0.1193209521,0.0868867385,0.0489466920,0.2551543827
0x33c01376c5f53a2b9d623b833f2f77f9b118a8c0,2369.2075000000,0.8013700000,0.0815078423,0.1068339359,0.0592294140,0.2475711922
0x3c2b45d1a4accb2c639c35bd0106d45c20424e8e,3777.5242254813,0.3047950000,0.1299581606,0.0647870412,0.0511779626,0.2459231644
0xb32f4f6e77e4e909919ac473a902231567507308,3612.3341574855,0.2260270000,0.1242751270,0.0459432050,0.0754129311,0.2456312631
0x757859d4f08dc37b2a51d9334cc52aac61490f11,4948.5496265799,0.1027400000,0.1702449459,0.0286082005,0.0373799087,0.2362330551
0xcd05a3969c5158d658a9bdf3ee6ebcc0712a0292,2823.8935520827,0.6369860000,0.0971504059,0.1012164868,0.0373073282,0.2356742209
0x101addc07d63a6b35b199153252168ab9889dca1,3547.8147797211,0.3219180000,0.1220554669,0.0642657010,0.0476438645,0.2339650324
0x6f48134d8bdeb954ad97525cf0adb9ad446260b1,4586.6509346225,0.1712330000,0.1577945457,0.0441932769,0.0298272489,0.2318150714
0xbc5ff01939707a14677df0e4f850fab257ebff15,3253.1875000000,0.4657530000,0.1119194050,0.0852585232,0.0311188111,0.2282967393
0x8886dca35291f05ed5d8e21f083998ea8dceb50f,2310.4750000000,0.5753420000,0.0794872682,0.0747997941,0.0736796855,0.2279667478
0x0d6e94d085a597f316be1833649e05a45103e873,3069.7899991070,0.5171230000,0.1056099810,0.0893255237,0.0305325244,0.2254680291
0x001900845643957d031ecdb3c5fd84ef08f6aaca,2447.2625000000,0.6678080000,0.0841931684,0.0919613255,0.0479380819,0.2240925758
0x82ac18afdaf7d7bd9154974e132fadfaae2e8cea,2560.5479000000,0.5547950000,0.0880905258,0.0799352786,0.0516680503,0.2196938547
0xd94a33d2791ae1eeb30e2295276f6b82c17c02cb,3040.7842347514,0.5205480000,0.1046120958,0.0890675358,0.0252616456,0.2189412772
0xcd950256f924a0eadb6b705f7a43edf1f67c92fa,2645.0278951691,0.7636990000,0.0909968910,0.1136646786,0.0142621691,0.2189237387
0xf7789fa997beeb4fec6ba288af857a6943743ec7,2410.6600000000,0.2705480000,0.0829339326,0.0366989247,0.0982327140,0.2178655713
0x059c78aadca79427358c3d6a2e1877494e78ca8a,2555.9207856605,0.6438360000,0.0879313392,0.0925967398,0.0372071419,0.2177352209
0x95a8cce18e2959ea8cbba9610a980c4200ce1fee,2138.6690000000,0.8287670000,0.0735766266,0.0997353404,0.0371744222,0.2104863892
0x999166b837ebf770ce91bf365618c5b215c5140e,2661.7716786376,0.7123290000,0.0915729273,0.1066901867,0.0103935223,0.2086566363
0x6541e84af0b25f3e084e9ed17d8f255a12d125d3,3258.5910303585,0.3527400000,0.1121053026,0.0646781543,0.0311958858,0.2079793427
0x9f6c47623d23fc9dbca3ed670a43792db3aacaee,2352.1033533253,0.5684930000,0.0809194084,0.0752410023,0.0496412417,0.2058016524
0x314ad39c842b0865cdc48fb5e1688313ccda463e,2643.6416592775,0.4554790000,0.0909492003,0.0677554128,0.0436057886,0.2023104017
0xe75b99056b346e74b19bc9922eb8d81036d574c8,2940.7825000000,0.3458900000,0.1011717362,0.0572366176,0.0432159730,0.2016243269
0x7ed7ab81ccefbcadf4cadd49827f84a5872311db,3450.1976127872,0.1609590000,0.1186971436,0.0312487238,0.0431268740,0.1930727414
0xe1a077b679f206073d85c3a62258f0e7ce3c9630,3449.6592424576,0.1506850000,0.1186786221,0.0292495554,0.0391667735,0.1870949510
0x5dfb6afb4fbf2363ee0992b8fb11b8d4b594e197,2666.9449118343,0.4349320000,0.0917509021,0.0652692251,0.0287231212,0.1857432484
0x6fb7c9970372a645bad75408b021e364d134e1bf,2537.9446119927,0.3458900000,0.0873129049,0.0493961608,0.0488556472,0.1855647130
0x9fe6d7d5e9c9e3bff91149fbf731b618cbce3375,2893.7358995617,0.4143840000,0.0995531921,0.0674737613,0.0173536254,0.1843805788
0x072b96cf92aa03f453ccfb114a166d11f88a3414,2259.5352657044,0.5993150000,0.0777347886,0.0761986578,0.0281751722,0.1821086185
0x34ee160d57c7c14d018b6f751fafd1060b560db6,2286.4025000000,0.6815070000,0.0786591020,0.0876790947,0.0154850234,0.1818232201
0xaa99157856d8785c3a0bab85f070766554a1d882,2218.4775000000,0.6301370000,0.0763222783,0.0786616513,0.0251257495,0.1801096791
0x1d1fcb7ead6e54bbf5b41ba9a85815cde1183564,3546.0563425313,0.1506850000,0.1219949714,0.0300669035,0.0275077949,0.1795696698
0xdaa65da48a9357350dae0e5be286e60a8309020b,1884.5794665214,0.8424660000,0.0648351847,0.0893387533,0.0251616512,0.1793355892
0xf211d1166b9a07109174372fa2471e211ce7286f,2224.1816002328,0.5993150000,0.0765185165,0.0750064206,0.0274307287,0.1789556658
0xaf4fa10c1e93e9c60149f386ce783a4bc2952a77,2274.8387330674,0.6232880000,0.0782612737,0.0797833797,0.0157193864,0.1737640399
0x8261f170d2d081e33ec95c23a0e05435b932b9fc,3313.1739421010,0.1506850000,0.1139831185,0.0280923008,0.0246673269,0.1667427461
0xffa63650fda779f51d017c5a448c310c4ebb8106,1813.0013311149,0.6575340000,0.0623726823,0.0670794336,0.0272542517,0.1567063676
0x65316dc17cd7009b373f4f0e48f27d62ae4b921f,2088.8607150242,0.4178080000,0.0718630722,0.0491087956,0.0307862290,0.1517580969
0x7d7c9ac6c7e950b356dd3f801a79f55ed284a157,2528.1807477294,0.3219180000,0.0869769987,0.0457958823,0.0186149917,0.1513878727
0xdc2720a762c5bf9deeeb54460cc8fa8a2b62fac7,1750.6648054548,0.8116440000,0.0602281188,0.0799542646,0.0094974933,0.1496798768
0xc2862d80fb768b58484df1d744149b900d74df65,2145.5250000000,0.2842470000,0.0738124936,0.0343164630,0.0415302812,0.1496592378
0x6eede9b939e8f9816d3bb88d5adaca90a21191d3,2670.3048022250,0.1369860000,0.0918664924,0.0205830662,0.0303997824,0.1428493410
0x982ebcde433607266e8c22a8d348a1cce2eddc21,1325.6150000000,0.7500000000,0.0456051310,0.0559437691,0.0394661666,0.1410150667
0xe9dc4ffa67f44383db12bb642513c5c44714be3d,2282.2171078684,0.2226030000,0.0785151120,0.0285865022,0.0299082035,0.1370098177
0xa9f149f0abb2242de919ffb493cd8774364b7520,1666.7347055317,0.5342470000,0.0573406717,0.0501050639,0.0279639682,0.1354097039
0x6c522c94c3f5b213ccf3298e03d5c947b760a2cb,1559.0100000000,0.8219180000,0.0536346188,0.0721025198,0.0092938806,0.1350310192
0x4e24a343ebf4aa3daedab40e59ba5ad68e78e9ae,2213.2637729451,0.3527400000,0.0761429105,0.0439299730,0.0113669667,0.1314398501
0xaeb3746ca5ce3592c904b2777f2e7b577b64c655,1916.2657471481,0.5102740000,0.0659252878,0.0550214748,0.0049285685,0.1258753311
0x02feb744ca516fd6e41d940ae2d0f7cb6fcb1ac3,2842.0525000000,0.0993150000,0.0977751282,0.0158825413,0.0112630334,0.1249207029
0x930c11078f73517865101bee9351d1e20fc17850,1996.4488433967,0.3664380000,0.0686838268,0.0411653432,0.0140130388,0.1238622087
0xec375ca92c72706c107e517fc4493674930af119,1859.1575000000,0.0136990000,0.0639605929,0.0014331053,0.0581115550,0.1235052532
0x4d64152d23260f399af956c6a777740cfc263d1c,1689.2683645878,0.6232880000,0.0581158972,0.0592461951,0.0061312875,0.1234933798
0x9737fae1031f43bc3e8fc72f31456ec3b34f80fb,2131.6811428574,0.2808220000,0.0733362234,0.0336842143,0.0131467422,0.1201671798
0xae96984743268c349395f72f65b7d73bc220dbc9,1578.2956938306,0.6130140000,0.0542981045,0.0544417171,0.0095056465,0.1182454681
0x21199f1a2f84f986b1f564f5f5cd4bb3f894bee4,2818.8775000000,0.0616440000,0.0969778387,0.0097777756,0.0109868102,0.1177424244
0x4bf88042de0220647acb314af3c5f310aec3bcc0,3296.7413402443,0.0102740000,0.1134177877,0.0019058885,0.0000000000,0.1153236762
0xd693b8861aa5cae87798401729da98ed9a9816cc,1568.5474500722,0.6506850000,0.0539627357,0.0574303557,0.0000000000,0.1113930914
0x10b989914a478ed7de2d2c4cc4e835bbd3de229b,1285.8999564074,0.8630140000,0.0442388144,0.0624450579,0.0000000000,0.1066838723
0xaa3fcd37b7f61f97f18184dfcaa62106da622eaf,1745.5937735615,0.3013700000,0.0600536601,0.0296016727,0.0073803125,0.0970356453
0x9531b36510317b775f159e17b4ae1cb4c90b1a1a,1569.3097805358,0.3047950000,0.0539889622,0.0269147016,0.0161069323,0.0970105961
0x8f1edfc19c75d6b2a6e24ec90d753b4086c75c9a,1414.7325000000,0.0684930000,0.0486710402,0.0054524736,0.0410090857,0.0951325995
0x4d4f726d6b59f3b809b48d5ceb89b2a9ae0e0129,1196.5200000000,0.3904110000,0.0411638759,0.0262854283,0.0266330097,0.0940823139
0xc7d3e24f018401b34aec1858dca3f6e74155330d,1472.1526959496,0.0102740000,0.0506464671,0.0008510704,0.0413108235,0.0928083610
0x7adac8d617d59d502cb109e5a809f0ec7cbb0751,900.9724214834,0.8150680000,0.0309961530,0.0413217200,0.0175171846,0.0898350575
0x7ee567d2ac5dca4c422281deb1e2334a805ba6c1,1045.7786413668,0.7808220000,0.0359779211,0.0459478145,0.0068407574,0.0887664930
0xe7824cfa1c9fafa4767df34305123f3151a00f1b,1031.4198094655,0.8938360000,0.0354839343,0.0518759855,0.0000000000,0.0873599198
0xffa577a214db70dd173113f6f095effe9d9ce664,1072.5359571116,0.3732880000,0.0368984530,0.0225283269,0.0269836336,0.0864104135
0xd5fb0efccd70309ab1996710f74b910bdc2cf60c,1265.5800000000,0.2294520000,0.0435397470,0.0163400921,0.0240930429,0.0839728820
0x4117f0db169b126a44fca628de4223c264ad6f19,1046.8400564869,0.5958900000,0.0360144370,0.0351009992,0.0070857109,0.0782011471
0x07494efb9fc623b74b31714192826c70eba7423f,1313.3880005578,0.3904110000,0.0451844855,0.0288528116,0.0000000000,0.0740372971
0xd36ecaa12a7349a20230a6b6f4aec070f875eabc,789.0911604095,0.8013700000,0.0271471021,0.0355822419,0.0108727393,0.0736020833
0x8c779811306cee2fafc908c557ccb4be9ff20a01,1097.0000000000,0.5376710000,0.0377400895,0.0331891623,0.0000000000,0.0709292517
0xfab9718db7cee30bad26157bf0500894fefbaab8,837.5422269971,0.8082190000,0.0288139641,0.0380898110,0.0036587874,0.0705625625
0x5be66fe7e6bfffa5af7d9f9a3b49ae7c50ca54df,1145.5505291088,0.3767120000,0.0394103732,0.0242826877,0.0025193432,0.0662124042
0xa35c00af3a2577b890011a4e6a559e765b10652d,1381.8089174850,0.1917810000,0.0475383702,0.0149116815,0.0000000000,0.0624500518
0xbddefafa00c0453cefcca72d09db9c5b5c66899f,1025.3153881519,0.0102740000,0.0352739239,0.0005927480,0.0246356809,0.0605023527
0x170ce87867068065a606e19a5cb19ffdf26675fb,983.7494776672,0.4041100000,0.0338439319,0.0223695456,0.0035431939,0.0597566714
0xc83e84f559085b850d390f4602d59dea5e428604,823.4775000000,0.4657530000,0.0283300953,0.0215814414,0.0089471052,0.0588586419
0x24c07ec63423146646fa96d1c05f67547aa2acd1,665.9661382751,0.4109590000,0.0229112321,0.0154001054,0.0191418298,0.0574531673
0xe7ca372e697edb3acd2354219d055972c4ee4539,769.7583450158,0.6335620000,0.0264819953,0.0274420516,0.0031152866,0.0570393335
0xf5ed909ff51045a4c1a8fc194809108a6f33d656,945.2475897780,0.3219180000,0.0325193515,0.0171223705,0.0065038155,0.0561455375
0xbc8d9a555f799eeb24d822f468bf65b8c7223875,1223.7724818091,0.1609590000,0.0421014430,0.0110838081,0.0000000000,0.0531852511
0xe908c2d5613d24d49e376f19715c795db8e04f81,631.3154588788,0.6027400000,0.0217191448,0.0214116180,0.0094751815,0.0526059444
0xfb1398ac62f7da1c7034b01813263ddc8e7a266a,1255.1045615313,0.0787670000,0.0431793605,0.0055628489,0.0000000000,0.0487422094
0x149477f884094820b413b59cdace31ccdca387e4,786.9541558000,0.0547950000,0.0270735827,0.0024264057,0.0163963027,0.0458962911
0xcd5b5a0e19252f5e607c34e63154ba2cbccdcd22,913.9684865087,0.2123290000,0.0314432566,0.0109197724,0.0000000000,0.0423630289
0xf2b26a38f626a377afaca16532a55316c18df0fa,1015.8280000000,0.0410960000,0.0349475293,0.0023490528,0.0000000000,0.0372965821
0xf6d5607094443963d9a84c5c0ede52a82a073162,650.7569333747,0.1130140000,0.0223879899,0.0041383203,0.0094237107,0.0359500209
0x0030b9f1925408d79be83c7cecfffdbacb638e9b,654.9525000000,0.1267120000,0.0225323299,0.0046698249,0.0070955408,0.0342976957
0xc279c8b5ce0128c99f9fc4671356e70a63ded798,632.8164803990,0.3424660000,0.0217707845,0.0121946206,0.0000000000,0.0339654051
0x8840603a7df575a6ea1f70280d4001b64282aaa8,449.6657615175,0.5582190000,0.0154698506,0.0141243179,0.0000000000,0.0295941685
0xc8dcf0d52649ff340266f5fe69d4ba8e9498eccc,519.6619823050,0.0821920000,0.0178779304,0.0024033861,0.0046209665,0.0249022830
0x585e184dc84968f83e5702659e7e4546545979c0,489.9650557710,0.1061640000,0.0168562671,0.0029269509,0.0000000000,0.0197832180
0xa0ab8eddf14a5174688e2eb1bdb69cdf377142c3,567.0000000000,0.0068490000,0.0195065002,0.0002185160,0.0000000000,0.0197250162
0x1091232c61eee86418dc93a5c895db3490386501,530.4638027088,0.0068490000,0.0182495455,0.0002044353,0.0000000000,0.0184539808
0x0628c084f4b72c1297e96c7005f309ae89f982a6,165.0000000000,0.7671230000,0.0056764948,0.0071223285,0.0000000000,0.0127988232
0xdc12a60d22d556ced025ad468536f457dfdc8797,117.8823101349,0.3253420000,0.0040555050,0.0021580516,0.0000000000,0.0062135565
0x352d68686d21237582566c6b95dd7edbf04314da,150.0000000000,0.1198630000,0.0051604498,0.0010116946,0.0000000000,0.0061721444
0x415817fe2945611ea8d9c698a2d8bec4c5a6b68f,64.7365220227,0.0958900000,0.0022271305,0.0003492977,0.0000000000,0.0025764282
0x3144edaed85adeef318f5d298c29d9871925d44c,64.0000000000,0.0650680000,0.0022017919,0.0002343260,0.0000000000,0.0024361179
0x505d867c40931bf56393f23cfa766fff8fa406e3,31.5592697372,0.3938360000,0.0010857335,0.0006993835,0.0000000000,0.0017851171
0x9d375719442c8d57ca9658ede45336787648381f,38.2047274414,0.1506850000,0.0013143572,0.0003239367,0.0000000000,0.0016382939
0xb7696dca94a198b4e3a10fb37c37101f02d42613,11.0010006794,0.4554790000,0.0003784674,0.0002819510,0.0000000000,0.0006604184
0x500faf5a49ae5085482d156fe7970578114c7d0b,10.0533881763,0.1986300000,0.0003458667,0.0001123648,0.0000000000,0.0004582315
0xeab804590011d0650fcb6c4da1870c6e9ca062d1,5.4226161725,0.6335620000,0.0001865543,0.0001933174,0.0000000000,0.0003798717
0x7f21b3e952ae82d10f66e03a9b39d198728a31e0,6.0160000000,0.0547950000,0.0002069684,0.0000185491,0.0000000000,0.0002255175
0x8b881349c69fda7e1121ae397383aa2002f9f418,4.0000000000,0.0993150000,0.0001376120,0.0000223536,0.0000000000,0.0001599656
0xe29555e804e414e295e2a059fc49d002ec18f268,2.4325983564,0.1438360000,0.0000836887,0.0000196884,0.0000000000,0.0001033771
0x70b28588e1cc776764d594665346ff16fa4af641,1.0003321529,0.5993150000,0.0000344144,0.0000337344,0.0000000000,0.0000681488
0xb850037136c6ff3a8df3e2e2ed1088b38b27ec7a,1.4433585162,0.0958900000,0.0000496559,0.0000077879,0.0000000000,0.0000574438
0xb2fe5c3c7231b1117da36e7b29731693fbbc6f7a,1.0000000000,0.2465750000,0.0000344030,0.0000138747,0.0000000000,0.0000482777
0x147510ebb636d80bb080de8fbb3df2e925a26e15,1.0000000000,0.0410960000,0.0000344030,0.0000023125,0.0000000000,0.0000367154
0x1523afb8e48cfad26700191495e2672f7140080f,1.0000000000,0.0410960000,0.0000344030,0.0000023125,0.0000000000,0.0000367154
0x21ff9d23e14f3ec0cfc90fa624ef224418fcc5a8,1.0000000000,0.0410960000,0.0000344030,0.0000023125,0.0000000000,0.0000367154
0x38dcfa6b1263c33fbbc2bafd4882a7dd5027472d,1.0000000000,0.0410960000,0.0000344030,0.0000023125,0.0000000000,0.0000367154
0x4d12a4aad451c3209ed3a660e463ba71fef37d7c,1.0000000000,0.0410960000,0.0000344030,0.0000023125,0.0000000000,0.0000367154
0x7a04bd08fc016eaf2fa2090bf52ddc26012517a8,1.0000000000,0.0410960000,0.0000344030,0.0000023125,0.0000000000,0.0000367154
0x93e0990c31f0933ae4578901c4fce42ed3bcf6ee,1.0000000000,0.0410960000,0.0000344030,0.0000023125,0.0000000000,0.0000367154
0x95d2538129c1fac1afebc5c765a406e5f28888f9,1.0000000000,0.0410960000,0.0000344030,0.0000023125,0.0000000000,0.0000367154
0xa0d0d863ceaa8c65e579b75474c46dddc8e4604a,1.0000000000,0.0410960000,0.0000344030,0.0000023125,0.0000000000,0.0000367154
0xacc94d70faf5539197307bc6e01907e60d760b28,1.0000000000,0.0410960000,0.0000344030,0.0000023125,0.0000000000,0.0000367154
0xbef8f29e284b14817cf6e6a4e29fc93360ac9999,1.0000000000,0.0410960000,0.0000344030,0.0000023125,0.0000000000,0.0000367154
0xc4cd22191f27d2cbcab7ba7be07b3655688147bc,1.0000000000,0.0410960000,0.0000344030,0.0000023125,0.0000000000,0.0000367154
0xd71230207b61d8a72021b9fb509e469dc5ba1366,1.0000000000,0.0410960000,0.0000344030,0.0000023125,0.0000000000,0.0000367154
0xe6b84dad5d26de2712d0c524dab35610e71b452d,1.0000000000,0.0410960000,0.0000344030,0.0000023125,0.0000000000,0.0000367154
0xe8eeeada50b535f415d630791f330dabf3870877,1.0000000000,0.0410960000,0.0000344030,0.0000023125,0.0000000000,0.0000367154
0xee2acdcd6c9d46e216ccaab94899f26234d258a7,1.0000000000,0.0410960000,0.0000344030,0.0000023125,0.0000000000,0.0000367154
0xa6ac718a9bc4f265f6e1297168e55d05d3722bf3,1.0000000000,0.0376710000,0.0000344030,0.0000021197,0.0000000000,0.0000365227
0xd248a27d2bbacb0ff7d8d92d48a62d6a090832ae,1.0000000000,0.0376710000,0.0000344030,0.0000021197,0.0000000000,0.0000365227
0xed4ca23fe53a936f3b74906b731f730dfd269508,1.0000000000,0.0376710000,0.0000344030,0.0000021197,0.0000000000,0.0000365227
0x377aacf0420fb9b132e95b64a43232ba054eafac,0.8421593040,0.1438360000,0.0000289728,0.0000068161,0.0000000000,0.0000357889
0x9decc84cc0b18e9c294aefd2e4c59e8978fd838c,0.2984793138,0.1746580000,0.0000102686,0.0000029334,0.0000000000,0.0000132020
0x2e2bb9ad2ad0bc19728700896cc9562f24010552,0.0000000000,0.0102740000,0.0000000000,0.0000000000,0.0000000000,0.0000000000
0x4362a29e330427d951f1aa58d7e3e86ac9e4b4e1,0.0000000000,0.2226030000,0.0000000000,0.0000000000,0.0000000000,0.0000000000
0x65e856c356f0c220fc69c51a66b007748c7596e4,0.0000000000,0.2260270000,0.0000000000,0.0000000000,0.0000000000,0.0000000000
0x8d46fd7160940d89da026d59b2e819208e714e82,0.0000000000,0.0445210000,0.0000000000,0.0000000000,0.0000000000,0.0000000000
0xf0daa608870165adc7123577738ca3744d0c25c9,0.0000000000,0.1301370000,0.0000000000,0.0000000000,0.0000000000,0.0000000000
