gv_id,av_id
0x17d449f67d7aabc320c582ddba66dfca411064d739589887957fcbe311b6e808,0x782d1fe91e144788819da2d6c965a1d58aa0e670f2f1bc7a501429b823c9b4a8
0x9fe147d9a9513e575476103d08005d515701fec42cbfd224e26f6ff6d46b5b25,0x48ed1bfe262897452dbccdada4f280c8c5d2a41150640fb583e3f5df50eb6572
0x1ad881ec530b2466508f45be333af4f0019a61d4ef8b35627aa5106aecb1e231,0x551268ae0158295bfa0e818cac2ddf1356149f1dfbdb9727028f29833b3e53e5
0x11d8b76d0ef0d857451aada38f07e84fad9997806aae46c02157c711b1f51a73,0xc4a9034b518ae0ba34181e3f835fa1f525efbf9bc1172b2cdd3fac7bfda5599e
0x731d074201e7fd252bc1aa6ec42cd52893aedc9a6db5ca48d44931c5ddf6aea1,0x0e3aab22b79d92dedc7b0f1c2ee4d405f10dc79cb55719f3540daf38d04febd0
0xf2cb15a41bb7047fed6b770902c7abf5bcb2e96e094196565f48e100dc3c1719,0xa3236a927c8e75bb96d2e69e51015b1689a5425a6394d52b0257eefa38d84b68
0x445574d3fdb0bd2d6572b262a2b426d383c8c60e14df01746cb9fbc52e676736,0x5fa86c431e3e0d5429906f86d1182781b7f0366f554a57631cf0c8fd2dd1c2b5
0xb14d091124db152d50f9ac257ad03e89ff6c194dea7f8930661988f5a63281f4,0x4fec11f6ee6c58dc3caa0face6d4894ac1704e63a18be5c9da25b259bac84eb1
0x9f9a693bacfc5778bff46577415c4cae51af290a0dc4a749fe9a519a310d2bc1,0xb5f59d03cc0e0db509357d4a80f368af1ae6567cd1c57240c251cb1107da56b2
0xdd600f625026648a331bab6119b72ad74c5fe04f6921054c49f8376d66dc2618,0x12136b11853cdc116af694d23e83190481119fb7e71048d2fc4ef160d3c0c32b
0x38fb44ea54869027a74c32f7115138de2aa85dc728ed791734ff8abc4113676c,0x47a9ce6f103047d8cb10ca14cd7274cd8d13871080e32cbe0b4efedf6e0b888c
0xc761a35f70420300ff22c13f6d5ff962f9152f3dba524bf28376210464d8178d,0xded951f11b5b0ef037133c627159aea13acd4a10fe26d509076de5708244a62f
0xdd2675b544827cb67fa0e6b1ae259797a2b4a878a38f68d633cd86e624c95e90,0xd46fdc43cf05ad2059c1f1ddd9d129fafcf1a522a4623aaf21438ac6c1672478
0x8cd33d1472e607785a6fed2d8b274afe9641cc17478876ff1e8fba8885ef925c,0x24191cf52ade5500f0292f3b553659424df7c00d0e9945b9efe2807f97e97513
0x5ed7d2160744952809031f44b359b1bffea5625c8b918f44239af47df8aa1efc,0xd3c0ca68dedf236a9418b51fb9743dc4428182d7b178528f80a448dd5b2aeb6e
0x0a074574c34295d31777a88ef84e653cd531bcda3d013a90cbeba7bfb8f9d604,0x95c58ed45937af95c94df7bc959381435ea592bfff55355d8c04ed6d5b2727b6
0x4a174f23c68c54848ce576224f1fc8687e2d22902b43e2952a0af48dad7c5405,0x42da17ccfaf9c99bd5a904de5a9d1f1d72f8e7057594fbd20f9d328ad6b8a109
0xbf7177ab19c9a5cd15c35dd7f1c0642750b0b474d6b1cb613cd880c36ecd2b77,0x5116dcfea59bb27189e607e990746417840142115f31ecb6223a8748868b2a7f
0xb86545b820be639f3e82be1f770b14c749ea3d55140edcbd66392e4f03b4c27c,0xae17b512c7055fb2fa0ae2701666c417ebe2c80bc2901eda93d80239a9ca5c53
0x685e106637df647e98bc06d33c79e6defdadead3c6833a53067449f95c3b74e4,0x0146fc3a188544b270dd5efc928f3d96e31a9d00bfc6a367fa77c8124bd4df93
0x3769027eaff23fba91f0ddd73a358b8f87d04f31cd87e537801fe47e26ea5af4,0x538e41dc85ec65809b2b072d4ebb7dd4af1c9c973cb09f416300b9cc3d3b588f
0x344a9cbb61642c9a83cb4c97355b5d9fceac20c1334034bf83c35f449af12257,0x08ea07c9f1b18cd56c280f82b2467acdd21de6a06a7ab44768f4a13b6a6c0372
0x864ca0e3a040937f7958ef5621098f32247c6d03e1f27f7b07f8d4613aa96784,0x24e31f35168d1cc999288a38c012880c6ad4d41e604d66d1bbe4b67a00562990
0x3bb67c582f1213fa93900dcb1cb0b49a687e519c043b23198232f5d5a79b68c0,0x451ca91ce0403999fd4b57f14a9f8cc3a62fed001ea148e01dfec0e9bbbb467e
0x5f7d6d4a366d5ad36367d791def1562312de2cb9df4f1ce700e17972af37db47,0x705c1bd8e3d6a6455241bfb0b236ea2504fc5bf7157a1073245ec01b4bacb62a
0x684683020261d89e98bbe6db15ff6b98d8f2dade20571334e22da68defebb817,0x3b8609c0632f23ea329f97d7c1de18f84313158aabd173f285c8494285636380
0xac3c6c9f49329d0c31a30362d6707a6e792b924311c865b9eb2683bd9d6e0500,0x00c00dc576a8729214934ecf329ef86c4a78428111b030af6fa49a60807c973b
0xd40f96f47ee132b0de0edf366ea5c8adc9515f7b3f58540d13fdf2d4a529bfd1,0x17b63fde4c0045768a12dc14c8a09b2a2bc6a5a7df7ef392e82e291904784e02
0x4fc9e3727916447eaf7fb75245b3a017f5b7026956fc6d1240c0f67061967e1f,0x0a5b7e0c7fb2137cfcb5a546c27f5ddcef066631e79b9d77d1b16e3a501f9e2f
0x78d676e32cca8a7e4f3e41a5bd53c7936f39666c33d77f2ed0e962e016a711bb,0xb78e62609b02040049c304fb9f0d745a49b32b62a239a965c14ea07263019f0f
0xa5e79c56d33a5e2820611c663861b9e9fc2d1a49e745573e37bb0485090c6760,0x9c4951fcf5371ca2641b7db5ea4d31b64aac4f1f3dbcbc7c7f68a5889ea4b577
0xc7a8a0bdece33e0c2a5ff3cc8388e58f9782811f44e81bf08bd826e27999164a,0x368446c881fbea341027014c1aba0004f33af0d2eb769a1a99ad86a665ffeedb
0xd032067778fb911b5a48b26f765b32468de9b76f1964975e17bbf91f4a45959a,0xade68c6cf0285a55e4cf914266761b9a505389ef4686e7972ad5426ac49cd238
0x7dddab6fc2e3ce7c5c9952d8d646e11d621fffa3710314c6ef28963ab322f92c,0x28700326fc76752543f263d05770fea9534cff73c107cf8775760bdba9ca1f1e
0x725b22e7394b8a3b5a4f042fd64d7745b3ac2596318c33ecf21fb31a7b54b870,0xb07be37d556302c873bee9b232c8a54d5ab8925af72ce9f38828e91fdb6ab5a4
0xe756f8403fbd44c345884a8c96a8ad7e350d0d75a865cec0c9028af99083ec56,0xb7b45e605373b2835b92ee570b6aaf06219a1c8042e6a0a467d06c02da17b727
0x58525eb79f10badc27a5f3ed516fb1e45ad2c813edc052670cbf3480dbeb213e,0x25c0def94d5fb016fb39ac823755dd2de447bd5de609d25cc108f182391ddcda
0x223c631acd4963afed72799c74daa668a95b5d68920157a010f0a08b588eb1f5,0xa094958ed44a7905f22b97dc48fc230951b915ede0e0c34017cc8cdc795a30c3
0x93a21a9a2530665badbd43a7c2f9615eaf904f77afe822ab9c30051dd67296a6,0x3aaf1baf461192154a33bd41863e0675341599c45a7a1223d6a1008d6c3f8dda
0xeced44532598ebc72326147c88f038611b454c7ca030892f4ae6143539a21209,0x75c2e9cc1472c6d18709ba53653b8e03f863afd8c42e58c5abb48f2d962069c2
0x19fb33f6e229e4e5595041e60aab78a3fd60339d8b789d1b1fc5c1f350aa28ac,0x96c8936c66da9ef291e6bbfb2861db523aef347beeb787d0ad4fb01ea1089f89
0xb129521834ae8542dffa88d9f4fb1ac519912ede006b99803a30194b9a192dcc,0x9d2a5cbe986c1c1f30132c3e396470e6b67f7d74ce2afb6a681100ce209d27e0
0x7f0bd0337061e48f0cea59d45cc7ad4bec167274afe898c25b1a528cebbbd6c3,0x7fe819f1bba47d2322d4bb1f1b796a3a13c96146ac90dba5f3ef436b10323aba
0x5db8c6404cf9ddbd4d999756c0b6dc671f2f6da3f4f53290ed77dad5367cca13,0xfcdb672f451ae4a2cdb7827ca8a686ed57027e977585bc1e30f46c6b8081eb0e
0xf5cb696da4edb4b606717223a93f6f2edc2cad831056fac7eef143c9450514d2,0x3b80a83886c8648168d2d9451dae55d01ceeb5f016fd3d7f6133bbf53de04b3b
0x6ad35bad3a7ce4baefd8f2b7f904850b741d92d2dfc4134de062a824f1616638,0x5bd52de503a1514c3004398d78db59df3c33839c468d5df95b10826e5c67cd9d
0x7c76e0c9788ca02e0084c6e8001aadef6a867fd83e881a150ab4cfb4679caa95,0x41c9e422c666c17d1961f7b210f9fa0278e6729f1a61e70a0719623c334abac6
0x81d3e1f81033c7da1d80646951ee23c635861d587afeff55923cf506cd8cebce,0xa816498852ce504a6211102987466964d3bb4a944bcd6484afebdc76dd5c5172
0xff720a5c8b5f033e08facbfb54959a8b393e5b7df8b68c203aa85a91601d3fe5,0xb8418b96099bc828a60aecf39b92f6d4c3f87a0a897c8bd5c85f0929798df967
0x0838c5faf18802979fc541288ffe22f66d6ad3f1512cc48611d2406b5b556a2a,0xc77a15f4e715fc9118334e50aec61546332be0011fed3740e20c8f71375b2e57
0x31420acbe7af9c03ab0dcc490f9a8d35946aa0ec2a7ab6afab58b762813a84b7,0x483f8705d55038ccbcbc20ed723b538034c0f768bda2ec749b2738dafc418940
0x59d3badc5488193b5f2c941d5e278065a284101872a9872657dab1a90852230f,0x311efd4b571ade64041f1859adede6511aaefaf9e9380a7895b5fd7b3680694d
0xe4335623b67c8bc0e1f0927f9b8ed10f47195adaa26cc174089d78774ee4ddb3,0x2d40a9c545d58a649ac519f74ece7860fa9ca92f7a276db4753b1749c934a190
0xf2339d7f8fefd1410ab25c3823165a1a2134a1a1a68b0d5e5e603cf58cb5e444,0xc6622d08b9786e543699695b422c361d2bf6ed1d4395d9e365dd70d8301d440b
0xc088e470b443f1f3103b5d5e8745995deb006478766eb3433beaa31b404a22e6,0x59c001336592a05451805f89d66859159a136bfb850aa4263ec962f65134e2de
0x128b42ea812501b783adccc5a88f3c42e08d43046a09d29cd50665297fffa3b4,0x5e4b482614bf859199ef9134e3e8efaefe39047d4f1b48cd2750c4bb8374a0a0
0x90647d6173c97d8d9065cb390c1cdd977979841b3e70532b480b11e10232b600,0x9e71af4605d33f57f68ded125ea95da0b766cffa6eb709f2b320b5e095620de2
0x94c79a54989a4e4b23a6c5f9203aa3f155767ac97cfb110c052a0981a43e5039,0x4fcf6ce9107b62231a92c3c3bed6a5806732b37e5da443883d4f8e5a5286177e
0x2d1b7c36e430471bfe872534993d4f932cb5cd73e6eb0e56685afd4ec0f43b7a,0x93f3e0fc14dec5ca662b6ec0df89a8ec3e22502e0171c326d087defd93c5ac2f
0x65e926bbd5fb5c082e84764c2e3523206e40c1a1620b96347b7a1aba3df1e3c1,0xdae48a92f83f8317dac11e1f28475ce38f6cf9b1986695b6d229e50ca24c03ea
0x0f2105afec2ffcadfd823c5889978432da4278abd0640582a480e59a507a6f7f,0x6cabf7712786db0f3a954fe03e84c44a12d4b14aa2fb5243c606607bf6296bf1
0xd5b7156625ae28d6a2d23b1fa3e1fbc80abe9526a30caad101fa3371a13ef752,0xda5dc0306f37d55d5a1b61d8ddc3dd3af70bf96377476706514f75198dc98950
0x8335b5136b0ef22631331df8ca28dfda763d022463569141c9b6613130e6f625,0xfecb010001c499cb65a4b5f0c19f729fb1135fadea497f099f3b612a57decb21
0x1f6bdc6c55a152033abf89743301b4f418196e3f5faef6d60d73d4c3bc55bebc,0x69f0ac4e4dc5c651d56940ba4717fedcf8813743c4f5a27967317a8fb29e69da
0xcd787edd003d43dd0eae9fbd708ae20655bfa73e39b78c61513127738ae1ce12,0xfb622fe34ebf295d55d6d9a44d6da55176861f24c8d9393af7838cae393e6f7f
0xa7a73a46dfde22ad951dc4bb38560c69a6d729bb3c41aa59908ff2d3d8ad87d4,0x2d9a7ecb7a5e503a3fb1b252bbf66a3bc20f07517de83c8043cf36e0954496a4
0x7c7faadfb74b06835b49e060884557ce5746cd54338212a327f8f6df3e5c15f6,0x2ab8f9ec193623518f69cbdf31c3c945a03af82bcac03300f927ec87149c0782
0xdbbcf534741dce283b12f55b1fe014a9410e2bd4621e817adc2ff3d58070f2ab,0x0f8ae0b2eebe1eddf0dc7e2c49b07fcec17338101a4a21f5aa48e9bb3f35ef28
0x210ea1b46bb8603807047da9648ab6334ba29dfac187fe68124767c0c5b1895e,0x16f6d4043da35ef318a9071e701e905adab8fe3928c2584880aae786c2357eb3
0x7a26034bf50bff85958cf3a5c06fc955fdd59831009a1fcf2e3c8f98e2cf15d9,0x35f331772e625d209848a32cc25e84fef06d56cca7d270ff0031dcdeb38f3b4c
0xb837c7f6aec7764f268c41dd93803c29a2b9365a7c5549b76159255b093c7204,0x4c43e12bf5d84d049e907194c48f514e1efacb6ec1f1c5c742d0530a86df021a
0x612d485cf4d20632d92cf767b05073a5c6e714b3bb53bd23a9e67ef3808e5c8b,0xa749417f53627cc60140332e3c9e37fbb2779b50b96e71aff005244e71367a46
0x8f9c7b8feafd53a788aa0028b9c41c6f61280803338127ae23f75aed8451a4e0,0x6fd66b330df28c8ca3fab19da85d632be22a3dc393ae468bee6e9e88fa248b25
0x740883be3050804061b5201e21dcec952c034099edfe5291c6b00304e4e8fce7,0x378153f1fe22c673bb57d4c421b6ef93f5562f806317950be7c189547c0458c2
0x06c9ef6b5bb2b2db1770529f545ee7375a574eb9d932aec9e147d9c8990f8364,0x1930189873f7591fa60fc108d632c0f11fc35d8fff3eaccc349d05756c54c321
0xfafdf7743987c9c590be2576ccb36127b55d2a594067abdc2b8dd9d2faa5f476,0x23655a075cd863a6c91f5a55557413c2b20b6cf3d41ab12c575437b321e9b851
0x0b941135a305dda0fa9c7502ae0f054c50a116b98a9812091c2e733a92ab2d19,0xfd80fb620a1bfc80f1796d5f3cdc47bb62223e7ccbb8333bd4d7deb76c9f1fd9
0x59c1f273d9f170927ea82041fb4588acd2a9b137ab4befd10e7c6ab77a48ba07,0xd32d9f40f79c98b69761a9f09f8de0f28a8ec005cc0f01a7f4c9ea3ee8f2e1dc
0x8d2c78e7579316e22e95f032dc069d61f14a83f368628104afa49a7a9a34050f,0x1dcc158c82df2e95f977ff5853c6dc9ff9a96ccfb2a5f70c30b7c20d75d0346f
0xddf9baa8c9b3adeb3c42565500b305caef009baf53c603917c97519d96b059b6,0x0a5979a05cebab1c87e08bbe8d142657d3442e0987d45d36c2eb41584d86da7b
0x85f1589f79e4a387550444f886db79e6a15176fd52b7cba225a7fd47cef16a18,0xf83adaa50a92a963961d07c3547635dd9dfbcf35183bf4cc61a244f6cd1097eb
0x2f00d7ba1b2d1e7c479080b67b8dc08c3ca27b68912ac51b266a72be515a4fd5,0x8802a8883ff724f80752cdcfde817b4fdae48d7bc8d7ba7c47e9ed7106d67ee9
0x9f0b797c59e909066d0a1d01dc389c8d6fd4a58c7e01e63f1b531e0fa8ee4d11,0xcae82273be9b783832d85214303e0f9f52e2220cedd5acc254b81f5b9457bae7
0xe70f90643ead163929a10da82de30bcea3a3119948e118386fa6bf826126f641,0x123768584b0e878a6466a293e402702de7427f0657ea24fd60d71589d0b3003e
0x5d86c6c34c467c2efa173768b272afb8c9e3d6366c946db86f11f5dcf8db8c07,0x5f3b6ff62ae4b8535e057b4f3af2c85ec93762dac95031a014c409969e3a0fc8
0xda6650f5f8f75a154af372928908985aae2beb7c68edbe27aa5c1461ec421967,0x0e51eab4886527f297d8470f0434e502032be7368d69a2f71ac06057e193ebec
0x1014e0f520dd6572604fe96467c1048f453672fabe845cb776104a14632ef8c1,0x1f84e1141646282c7e09271cd267c15537298b8086f03c97d2cdefb1f7a181e5
0xfc06e8f7bc430e6e6015b318f3142c6cc8e17ed582e7c1ace488b60209ed1336,0x1b8438ec161f2b18dad49ebfcc9524340d030f4ec69a5fd71f732290ccb51bb4
0xc209911d35e7aac04441148dcf3dbb156902f2bbb49591c67a02789b9dd58b07,0x84119ecd3be2cd0fd2382ffaf2db0490967b3456ff19695e6629fdeeb9058dbb
0xb24ee1febf1d6db171a99c8ff91c7f2a3adfe39c17483a6dd0b705eb9b79e669,0x345ddec87f19d29b438ac88d0f947798af6edadbe1116cb64f96edc931f06fb3
0x896962596a5290e9679c5459bc8decf73a1c48a37132014c56db4df2b28bd922,0x0e2211f4b37efd7dc38710aa13a1b8e7411998a8f53cd872fc0ddd6ed7996ac0
0x3f8c72543ed6985f00b45987de4c9e4ba72323479f5e87cde3147ed4dfa11c87,0xa9fb5cbdeae064bf114b27ea77390e93d8515c6c3512d4352f21e99212628483
0x41d778e72f884ae110ee9702ebe76a27f19624ebb36af9a59d2b5c4585a580ab,0x534f44397f79c8583ceef44e42ffa8e246e15f3498aac92b3e34b65c313782f3
0x5ee2f570adf3ff789fa596d439c05ca2d756ad3f30f134beda493a4ddfaa1aeb,0x3f162f96d0bf396cb2cc3f9f39818cbaee7747441e0c50785b84aa243797b940
0xfdd48f6544adb1963efe3e48110df80d2ce873e02c751788942da5a8c740c1a0,0x73f93b7e65d0e45f5cce9e46b019d60f49a7a3d1b43bf9e3e12a718cccbe7769
0x5922dbecc543ca752c3a31e14d2e08b47946e1c063d4f5a3ea298d75a5b91bdd,0x4955553b76b9bcaaa0bb0cec2928d0bed759cf957c17f02496452f8d1426c85c
0x09fdea734e30f308a55972c73d3de449528740a67d226bee6bbc729c3a471fda,0xfa99468d3de270ad12ae805651cae5b7a2a52ac3f1e0ff547308c6c7055ee040
0xb85cb870c23db6c34f37809d43f1080ba142d95bf3f597f3381cbce9e6a56b8e,0x5436b9282dc8bff710b89110a9bcfd81010fe606f4306673f8e7a46058adc658
0xb9ed728540c78547758885a5751b0d42d34446cfa76e00b7a78c51f8e923341a,0xac0a2081017c0540538e877d9bb5f2d8c87dcc1bc47d50435bbfd89cdfcb4962
0x3d4c95805a1a609062b2b097e853daf3774edcdb8a5e1541d11ba4c43b796b54,0x9ea87c07638280312a87f9e59f795710bd982e44214b5d796e9502bc3362e4e8
0xea85d76406d1c5ac23ca46f3960de82e787381d472dfbd581bb9dde4621682b1,0x771338965e9040fc8b8994986d7d74e162f1142a5cdd4c3c8a2faae11cffcbe7
0x98d4e13dd3d9b5ede6d9981b98fb9846d2a4ef5a5010a270b7d5888328102fd4,0x711c79d517b315b252e90cb6cf7a22e9291c5e052370b2582e4979cf55f055e9
0x3252d118ce85c4d78918a0980b5a086a90d6b5441ce7ea6e90ca6941de710822,0x1338064afddf6631e90e1a95d12117cf516e5de54e00eb557db5996845f75f47
0x09fec1256bf0b48e213b7fd9805a659df27469726604564975a8496faf1cc30a,0x57055266d44a9c8679807c917fb0518bfd3ea92e6f21e81b977ce9892c191b6a
0xde963d894a760d8e554d98715c215474d13404c78135fa55b935dac57f6df192,0x49a21a570ed089b0ec7ec72fe4578f836fe05825e41f82e2dbd14801563b929d
0x7172fd9ec0525a225b1ee9a12cc68e59604c682456817981e5e9769901d04aa7,0x628d199d302aa3739ce9f53f3bc5ab4f60f28db680ba15196778db9e6f9aa354
0x25ce84184281f625e398efda08729d8e2aa85585c6b5f6b03d6babddcaaea4fe,0xb58136cda9c36f74fce48403002c269c07feb5f327326cafc581b18a0bd50cf0
0xa4a3127794060cb934be91074464d3666fde02adc0289a6b3a0579fc80d180e6,0x2e8ca843b06faf0be9cc14b33cc819095e9f6a508af9ef52f442d791c00af25f
0x3f97b972351937a79fd198750585d1e98a78233f9b8c45b8a3e4d2dc14251894,0x9b2559ed4cd5dd0c4c3c9b90b73e0e93c839aef64cd00df2d65cc8e97886ac0f
0x4e0a8e91bc1290034bb60d47cc888225b551198dec95d8f12ac0630755960a88,0x304df0644d5ba0c929066959c5a2d585a2597630fa90a4642ffe8315e256d31a
0xa988c793d74da0e058df66b16051da2a6a32d57c6ee754744fdc820a8d3bf47b,0x9d8fa69132f66ad8e665549cff91c08de8687a72d2702cb66cd41dbb877f09f7
0xd8e87856eb5c13a9e34034d129cb7284614f1a959d19b211550deda0809b2ffa,0x84f361a72e89cee4e27f4d9a7eb5793e0209a0f364a6de9f4f076c43e49b9404
0x77b55eec0a0f492b9aac03fad8fdddfead1d7dd6f6cd853511cde24c30a936a1,0x8d17ac8fd583bfa75412b29cc74cdd3cfd20dd5719ea2d4687c8f6e7ad746b1d
0xcace3a5ec4ee959bef9ab6bce86c33c615b8eb2c52ccf3b8b973b58c57eba8fb,0x120a44dd03ae9a0b3c298b2dffd46ae2a480527aa7dbd124154de686801d4bf6
0xe31c582f2e2d78435a5743b60dec9f37ad606086f5cd975f96d879795a352620,0x0ad57c0cffa815efcc3f41afac774245777f4bae11fee8d0c0ea956ce34a2427
0x8ad62140572d5c5f072a169954197a31f86a5ffbb4c7f0f17be6d409a678e0c9,0x9923aab6825158ec2503d88e3ee2f9c5fbb12000581d06343ac9829aa59b66a6
0x17427b966d089320b7a0c66950a611afdcd1c6dc149c4aefa0cf10d92b1f9c46,0xec282bd937a1d85a17726cc00711b78e2fc2f0125ff9af127ddb77497dd024e5
0x8aff0e2aa6977c5b944d5786325e5c08a418994b129bf77e4edd3125b3230f7b,0xe9bddee5dfe05a1294844f0e77a1d989051a096cbf2f118b946400f6abb60fc3
0xfa1345dd90998f92eb26cb823e0a87cd61394d6a1cce17655bf8602a50eec633,0xa0822fa69d7a7c66e75462ebe3dc212fdcf20100ff6226de36ba31e9ccc6b534
0x3eefbaf9faad87fad6854e63eba507a3cba686ef2a669039201aba5d9440154e,0xd610a038fb70717cefa788332d6cfbfd4504723fa2b33dc5689b542752da3cde
0xd25b0902c01530d896a4ec031b260cad0d884a1956a15da52956b62d239bb70c,0xf614634f7b1864d19ea144dd68280df6c3cb3e514e2e20929767e6ccd2f4022c
0xd8023c646b04a8a4e14a571ba2229e0b9769bab2ee950b01cbf88c25b7be8eca,0xe9ceb07837c7b04420f33fb324c220694241c84ffd6bb50c2651e3376326adb3
0xa3559e0552a468d57f73fa22aa856229299ebca2b237a5c9efe8b021314ce8bc,0x599754e6bf5a683d0a44aadbcad78df0522bdeb448437ff79c70b6077408fe58
0xa395657d9eb928e3d8ff24d44c9a27901d3cc6af4d29129e38327428c25f87c2,0x68dc76a5d1069e58f1409d644824044df823c304fc349f85b38ccb0fcd95e4a4
0x75bf82fadfc6a58e1e472533fcda6d102a63b676db41fd5cdbc495fda620ad05,0x2ddd04ae165c6f6245f4cdd83abd00bb1644bf78fd6719eae394f9db4e00d910
0xeefee187f73046d166c43f334926d72f179f60828353f1948e86b7b05bf99dfc,0xf9dafc88fce3ceff0e6c0c04936862c9e4cc5889850749631632af2e5b903452
0x9263ff7d9a4d108d36a07fa570c2fc9d82b66310f4681cdf2bd87225bac6c34c,0x0083cbe7075879510d4990592942fc9a34e03eebef45f996d0e4b85b796362a0
0xd7dcbae8688eb7f6983336a84c52ce33e0fdaba2c4b6d25600e93d8e26174956,0x0961e22cee743a73c357290164af0346550d9a8d63bb5aba7a566e92ff922e99
0xc511bdf1cff6f15306c64083732c41bbc3aa5bb8e317f0f120526ac7ec257841,0x68d71869abad49650bfc9caff038329e46071bb007aab9b7a2756d6550864e79
0xc5252d96ba2a89f5bfe7e05b6f5f185cfa2e4c258e07ca24d8f542b786d869cd,0x1399095d33be4ea641e5781dfcf290bf1ca9d4248be904cebdf737a1bfe54eda
0x847de39f3e9160b8b187bcb2c4759f562bb0a8ce39f135a5d9ceec796566eac1,0x658926263e4ce1eca559950bcb0f5d8f203758c5c99b30999bb7f082552695b8
0x3b59a16dcb50b3becde4b49828d1ce9578fdcd9006cf00e05620d048a7807483,0xbe89c5f01a02817058d66459cb00a399c45aa8991e29121fb1ca3b0e11e0c84b
0xd668560b9613c7cd0a6880f1965942101fe15bfd879b7818bbfa496d5c7df363,0x7a909952a8badb720b6cb7a6369a9f0b546d0d2f844b5e433cb3b90d24a400dc
0x611739b8ae08f8f703b14f0de57afc158d60d0252d2b637a6338a9751f392439,0xfd951dd8a3ad746e1a371a35183ca4b4b7caca5824872b14c4e623dc88060893
0x32f472e3630ac2314dfdd72cca24764ed69d69086c7225241a0829be98c89b03,0x8b5862698c550b53e57f6ce4628a7a13ed5a4772e541c414e9a27fbcf95cf8c2
0x1130699f670d99ebf1f0daf0b8ced032754d262e4e30b8573073309e6ca5212e,0xbe4999b68f97f0e3406d65aff4e36a97768af72eb5cbd16c92641dcfdd6f35c9
0x1ed0be0a516c404df95b55bd69fc33c914773f97176ea0b608e2933eaa24a39e,0x09c3132896ba5c8e677e018a86ba1a74729955f64799dbfd4e422058f9198817
0x82a2d17ddef3294b4b180c97588312fba4cd73d1afb2f1761a835eadfde47978,0xa8ae9fff29189ddf79845a7875ccfc696273aa2fca9fed42140a6bbe55f12b97
0x8a9f0a3ef8de39b17a6c4bd36d480da60416786441efcba033cf29ddf1e5ce45,0x2fd1336f439b29a7096478a1d9571acc83597b2b345103fdb35e02125f5a2dcd
0x8e8988120e84b694c83b50c4de85ab9b8678115ae381b436145f6853bf3fc83d,0x2dc22c74619badf938f2d34d2fa13ee46dcd800479e0e09a258888aa602eab08
0x9a095e1e247841bf3b3fdcd3d0544bce8c129c54dd579296f3691c3ae508461e,0x2d7a9e2b9c450c124dc0c03e3aeb6c82de79ca3773616cec4d0efa2625545829