id,title,author,date_utc,num_wallets
0x50ae908097ccad954267677e14a9f0814a9415c90173e6d8b1d1647d29d8c553,A Partial Treasury Distribution (PTD),0xe5F6Dbc39334f3E79C149efB8C8c9c8dEc474aF1,2025-11-05,187
0xa0bdb8d05a900580870702f0518e10a7084561b7a1e099a2dea38d1155913c26,DAO Foundation Director Election,0xe5F6Dbc39334f3E79C149efB8C8c9c8dEc474aF1,2025-11-01,213
0x47233a0e0e533c463c0994dcb70f1584095b324e4072cf79d8b8e3cd8f2b70b1,[AGIP 153] Update Aavegotchi Snapshot with Base Strategies,0xC3c2e1Cf099Bc6e1fA94ce358562BCbD5cc59FE5,2025-08-13,242
0x67b64dbacac56cb850c74a3f1b3440d1e1fcbcc0ba3215e83c75c5419ea99d85,[AGIP 152] Rarity Farming Seasons 11 & 12,0xfFea5a2cfAF1AaFbB87A1FE4eED5413DA45C30a0,2025-08-11,271
0x919a857d0953d9aca2aaba659660f1f098776665d591e934bdf80ee0fce87ca2,[AGIP-151] Aavegotchi DAO Bounty - Secure Legal Counsel for the DAO,0x65E856C356f0c220fC69C51A66B007748C7596e4,2025-08-04,293
0xfcf7bb54537fcbf9c3fa181a4dbcd525702c52b1e01d24e72e735d46564b4bb4,Rarity Farming Seasons 11 & 12,0xfFea5a2cfAF1AaFbB87A1FE4eED5413DA45C30a0,2025-08-02,203
0xf89ed7b4afa8031df5c79bcd58054221074dab8a3606d34b85d78886c3965654,Update Aavegotchi Snapshot with Base Strategies,0xC3c2e1Cf099Bc6e1fA94ce358562BCbD5cc59FE5,2025-08-02,201
0x3f326aa347728c09fcc1d40dabd4c3248cd11dff9fcb0d26a4483dfc6400498f,[AGIP 150] Renewal of DAO Facilitator Roles and Term Limit Extension (revised repost),0x1BdEbAf12ec0CE61bCfc4c8e2bB15f1286fbfE2A,2025-07-27,236
0x525d47507adfb3285ce767795e72d74123a1b2d727ee9834a421dc364b46ad6f,[AGIP-149] Core-Prop to Reimburse Pixelcraft Studios,0x65E856C356f0c220fC69C51A66B007748C7596e4,2025-07-27,227
0x271854264b3f3070977d276b5a5345ab52f24817ee0933925460cdcf41e243bb,[AGIP 148] Moving liquidity and funds from Polygon to Base,0x50f461F471e7dCe973e27f0e319eBe868135D764,2025-07-16,280
0x5653c17a4a0cb4b9f227c2730e3428853eb9a6304d62865f233f759549aa7930,Renewal of DAO Facilitator Roles and Term Limit Extension (revised repost),0x1BdEbAf12ec0CE61bCfc4c8e2bB15f1286fbfE2A,2025-07-12,262
0x55d5964f47c7bd7c678561a3fd76ad206e74f6e06a8668e687e194fbc63e853e,[AGIP 147] DAPP new features added by the DAO,0x1A08B4d6497fa6D5970BD8f6C72BC5fBC8dD500e,2025-07-12,282
0xb699df969f0dfca0d5e7435b668368049e3e25ded73c0af6e73bc3906626c3d7,Aavegotchi DAO Bounty - Secure Legal Counsel for the DAO,0x65E856C356f0c220fC69C51A66B007748C7596e4,2025-07-12,266
0x866a74f31e2c2cb29bbcfee043f69080c7c9377dc64d6fe261ae428b022c72ab,[AGIP 146] Funding the Future of Gotchi Battler,0x10B989914A478Ed7DE2d2C4CC4e835bbd3de229b,2025-07-08,243
0xe8906169a51a7423475ff3a6c327247888bbdbb3db0154a34dcd0c5cc47967b4,Moving liquidity and funds from Polygon to Base,0x50f461F471e7dCe973e27f0e319eBe868135D764,2025-07-05,228
0xb9a713cf64939a3539844d7b16a94c900cbee3fd091c7f30087507cdef00e233,Budget to Reimburse PixelCraft Studios,0x65E856C356f0c220fC69C51A66B007748C7596e4,2025-07-01,276
0x8208eab9425d5c4c1dd0057d6287ba6d6d80f3758e19304ffbef4f132bbea248,DAPP new features added by the DAO,0x1A08B4d6497fa6D5970BD8f6C72BC5fBC8dD500e,2025-06-28,266
0xfc000e731e1e01380da2ab61cf7420ef83cc7b86b3da32be8a400a6ae8b84e57,Funding the Future of Gotchi Battler,0x10B989914A478Ed7DE2d2C4CC4e835bbd3de229b,2025-06-24,267
0xcf7ad9ce9e596b4b326ddd645cf0a6f203b4f042751038a1f82c423dc57c7ac8,[AGIP 145] Adjusting Quorum Requirements and Increasing Voter XP,0xfFea5a2cfAF1AaFbB87A1FE4eED5413DA45C30a0,2025-06-02,344
0x9ea2ee26c83699b8c9e773d6d693a0051a4c42b36bd67bb6c5a3aa8d8fe9a759,[AGIP 144] Proposal: Allocate 400K GHST from Gotchiverse player rewards wallet for GOTCHI Points SZN 1,0xC3c2e1Cf099Bc6e1fA94ce358562BCbD5cc59FE5,2025-03-25,359
0x1e880963be83c2a417edf4fad7e9d05f5c37396b5d16810003a481d8d91746c7,[AGIP 143] Proposal: Make Aavegotchi Based Again,0xC3c2e1Cf099Bc6e1fA94ce358562BCbD5cc59FE5,2025-03-25,360
0x1901aa0b9476a7a4d8e5e0c8f19bfe79f3939b9e4e09ca490721218ebab27245,Adjusting Quorum Requirements and Increasing Voter XP,0xfFea5a2cfAF1AaFbB87A1FE4eED5413DA45C30a0,2025-03-24,349
0x05c54d61873358d9007a605fee806c5383bc8e4649ae12a3bd2ab82c312d5a8d,Proposal: Allocate 400K GHST from Gotchiverse player rewards wallet for GOTCHI Points SZN 1,0xC3c2e1Cf099Bc6e1fA94ce358562BCbD5cc59FE5,2025-03-08,367
0x0137aeee8ac0eb079d47a9ce21c389762dfcab36231d4539661bcf8cc88ec128,[AGIP 142] Buy 2 million dollars worth of GHST,0xA5643D9B4A2049d578a690269Dbc13426b352672,2025-03-08,365
0xc01b7199f950af55a3c4ccd1ae4eeef74e0bea3b09f0f643dce7ba9b67f125e7,Proposal: Make Aavegotchi Based Again,0xC3c2e1Cf099Bc6e1fA94ce358562BCbD5cc59FE5,2025-03-05,364
0x77a23c52bb8bb8dbc2a22049d234693ad450b2ae58ea57c10230c0503f7f8992,DAO Foundation Director Replacement Election,0x1BdEbAf12ec0CE61bCfc4c8e2bB15f1286fbfE2A,2025-03-01,351
0x520b143c30f00b46476316670dae39ff8f2dff0f83f5234c14246a50c862f34e,Two Week Sig Prop to buy 2 million dollars worth of rewards GHST at historically low pricing.,0xA5643D9B4A2049d578a690269Dbc13426b352672,2025-02-10,341
0xe4d616101b1fddd066a6ebaeb890084768fdbd1ea4dd39694edb6ed7bd527694,Aavegotchi DAO Foundation Director Election Proposal,0x1BdEbAf12ec0CE61bCfc4c8e2bB15f1286fbfE2A,2024-12-25,432
0x2edea7d431755c64cacbd2727a49eee1951ef06051fadc1c3f88cd951e89d4a2,[AGIP 141] Rarity Farming Season 10,0xe5F6Dbc39334f3E79C149efB8C8c9c8dEc474aF1,2024-12-16,456
0xdd05c504c39fa18b6415427777fe96a6079a040deb1b7c7848947223e38e9d88,Rarity Farming Season 10,0xe5F6Dbc39334f3E79C149efB8C8c9c8dEc474aF1,2024-12-02,491
0x3413724d3b8ae64d610a64cd9479f1733400e0246c8c852bc889561d994bc5fc,[AGIP 140] Renewal and Election of DAO Facilitator Roles,0x1BdEbAf12ec0CE61bCfc4c8e2bB15f1286fbfE2A,2024-11-30,489
0x272bea39a5f2e13a5afc65d7c9e70ffb5a9da06d4b6d169eb7a0d72aab10b7cf,[AGIP139] Defining DAO Director Term Lengths & Process for Future Elections,0x941a95E58A293f1D8b5b43dFBdE07569ca96Bd90,2024-11-27,482
0x0e447db3aa3734f95b2b30c0fee6cc50dc2b83cec032c83fb65c8fd5e14cad76,[AGIP138] Gotchi Greetoors V2,0x9730299b10A30bDbAF81815c99b4657c685314AB,2024-11-27,478
0x530eb8319bd1cc13d0a86fafb54d1e77547e8899da05326a55f2007ae1ad8883,[AGIP 137] Enable Collateral Withdrawal from Aavegotchis Without Sacrifice,0xC3c2e1Cf099Bc6e1fA94ce358562BCbD5cc59FE5,2024-11-23,397
0x1df75275fb195fc6f1cac6c6830a96558b381049ab4519be7ac8720df12dd9a1,Renewal and Election of DAO Facilitator Roles,0x1BdEbAf12ec0CE61bCfc4c8e2bB15f1286fbfE2A,2024-11-15,436
0x677d704fc7059eaf3467f23cde3581ef66096f5f1e8d55dcee54048436ff0566,Gotchi Greetoors V2 (revised),0x9730299b10A30bDbAF81815c99b4657c685314AB,2024-11-12,443
0x31b5bcf9b37a7ce844e1942b876ff579c800c050eac07b5b0a482005ba59b471,[AGIP 136] Aavegotchi x TheSandbox - Maintenance renewal & termination (Reviewed Budget),0xfbb073e09D84970d1eFe099aBBE9E626f8FF7024,2024-11-12,446
0xb628be6b12c543d3ef50182716921ad375186429063909136a1d1129676755d6,Enable Collateral Withdrawal from Aavegotchis Without Sacrifice,0xC3c2e1Cf099Bc6e1fA94ce358562BCbD5cc59FE5,2024-11-10,419
0xc5324f9c7a3c0d8298a2ceee89c5457e95dc04cde545d61dc0902ef487055181,Defining DAO Director Term Lengths & Process for Future Elections,0x941a95E58A293f1D8b5b43dFBdE07569ca96Bd90,2024-11-09,440
0x63f270df7ab2b36f638999e76b634baacba041d3e4450616aef56c6fcdb08dcc,[AGIP135] Official DAPP new features added by the DAO,0x1A08B4d6497fa6D5970BD8f6C72BC5fBC8dD500e,2024-11-05,477
0xb8578f9d94434cf536f0fdbce6d1baec26fafeba78c10129d955dadeeeba12ad,Aavegotchi x TheSandbox - Maintenance renewal & termination (Reviewed Budget),0xfbb073e09D84970d1eFe099aBBE9E626f8FF7024,2024-10-29,425
0x4a6d74f3bc0cc93e10098ee9a882ebcf8124ab0efc0f6abd278eb716f7cceeb4,[AGIP 134] Smol funding request for Grid Gladiator V1 ($8000),0xF0Bc763e0A6AF4784a36fa102220FF60eC651f9e,2024-10-27,435
0x5fdebaefab3fa208fa4662ad1919530a98d4ac494836fb45aa0d46b36bf0498b,Official DAPP new features added by the DAO,0x1A08B4d6497fa6D5970BD8f6C72BC5fBC8dD500e,2024-10-22,433
0x5142f7e9d4b416c0c6531ef23e5637fb56a34e731b73c0f10a26a25a72ef2077,"[AGIP 133] Funding Renewal Proposal for Pixelcraft Studios, 2024-2025",0xC3c2e1Cf099Bc6e1fA94ce358562BCbD5cc59FE5,2024-10-13,471
0x8852af28d47a02097b7e9510b87d785bc1984813b4b474f8e8ad57b6b7b568be,Smol funding request for Grid Gladiator V1 ($8000),0xF0Bc763e0A6AF4784a36fa102220FF60eC651f9e,2024-10-11,464
0x09bccefc981f6dad5e8f96045a57d6abe06685cf2572f75bf0444eb0c8253660,"Funding Renewal Proposal for Pixelcraft Studios, 2024-2025",0xC3c2e1Cf099Bc6e1fA94ce358562BCbD5cc59FE5,2024-10-01,444
0x4c1529a8fd0385d793838bd4d997aab84b2eb0f8344f941e2fab906ee5172308,[AGIP 132] Gotchi Battler V1.7 & V2 funding request,0x20906e454A9D20181350630EAD131d8DfA21dD3F,2024-09-13,455
0x094419732ba0037d626f90c99b65c9810b4a3627eaf41f30cda6ca334e390b24,Gotchi Battler V1.7 & V2 funding request,0x10B989914A478Ed7DE2d2C4CC4e835bbd3de229b,2024-08-26,423
0x00942985e9dd86bfc0362e25a83611d9854a81f2d1d75392db185440f764c405,[AGIP 131] Forge Competition Pilot Season 1,0x20906e454A9D20181350630EAD131d8DfA21dD3F,2024-08-22,405
0xef468935df62924bbf897d45a92da9876da20e30fdb6d7b7f18c2c847b198b86,[AGIP 129] Tipping for Aavegotchi community apps,0x20906e454A9D20181350630EAD131d8DfA21dD3F,2024-08-12,478
0x8a0f395fe3a966d5d52477d09b6c4e34f6e5053f70a8e65d118901adfc15078f,Forge Competition Pilot Season 1,0x8AF4277C5E84158494e2EE4cdEF463F87abdAE4c,2024-08-12,429
0xe8e767a07a137897650e759dec74783e9dede672fd057aaa6287771a7f810bf5,Octav Onboarding to Track Aavegotchi DAO Treasury ,0x20906e454A9D20181350630EAD131d8DfA21dD3F,2024-08-06,434
0x76a91e48a9a1b12852f055be07c2661d3d4a208091db9edbb16ba73b3cef3e55,[AGIP 128] Replacement DAO Director Election,0x20906e454A9D20181350630EAD131d8DfA21dD3F,2024-08-06,439
0x307f6d8e39de3ce35886714e07586f838d42aa0556c66b19a142b1d8f2ba1703,[AGIP 127] Increasing XP Award to 250 XP for Succesful CORE AGIPs,0x20906e454A9D20181350630EAD131d8DfA21dD3F,2024-07-29,431
0x4341932033531173746139ca670c533e6edd795b453075858de2d17457360899,Tipping for Aavegotchi community apps,0x47D6F96Ba098816389DB7c87CBF077dE7181b853,2024-07-27,435
0xb46614973c1f9e244b037788fbb31bc1909ce4bb4a56b85f39c6554a53163c0a,[AGIP 126] Rarity Farming Season 9,0x20906e454A9D20181350630EAD131d8DfA21dD3F,2024-07-22,427
0x4ccd858c4db0933066a5c41386ffc008d87347fa5b582f23a44c7c47b9a12d27,Replacement DAO Director Election,0x9730299b10A30bDbAF81815c99b4657c685314AB,2024-07-20,444
0xf8f9b32ce931aa8d3ae6279fb78f1de87737cdb64d2fb8dbc5adc19df2ebf722,[AGIP 125] Gotchichain Battleverse Demo - An Open-Source Battleverse Built with Godot,0x20906e454A9D20181350630EAD131d8DfA21dD3F,2024-07-16,483
0xc07a34474c3b92c0472479a7570eb743c470af14eb485fa2a841d2b0869b7044,Rarity Farming Season 9,0xe5F6Dbc39334f3E79C149efB8C8c9c8dEc474aF1,2024-07-12,439
0xe815c428df8f4e6933c7e04586c1e4b0add22924d4f77e4b067f89ff4bd3f207,Gotchichain Battleverse Demo - An Open-Source Battleverse Built with Godot,0x20906e454A9D20181350630EAD131d8DfA21dD3F,2024-07-02,454
0x41a8eefa0d919e84a6fc6e2ef3b62b776f98deb4627defe310c056e30d091cfc,Increasing XP Award to 250 XP for Succesful CORE AGIPs,0xfFea5a2cfAF1AaFbB87A1FE4eED5413DA45C30a0,2024-07-01,444
0xcf83de78265ceb5d891bb83e7774962bdb6a320871474b4e6e3e05fece458f54,[AGIP 124] Fund Creation of Ghostly Gladiator MVP,0xF0Bc763e0A6AF4784a36fa102220FF60eC651f9e,2024-06-26,434
0xa4a817931adb599979eccec3dbb5e774b224c1d4da2609b532addb2e060f5888,"Fund creation of Ghostly Gladiator MVP ($6,500)",0xF0Bc763e0A6AF4784a36fa102220FF60eC651f9e,2024-06-12,464
0xff8daa93be9021f9f0a49cb8394ef49f868261bd9828faa351611c9854bbf0db,[AGIP 123] Community Wearable Schematics Release,0x20906e454A9D20181350630EAD131d8DfA21dD3F,2024-06-08,506
0xd7de27500ffa8d360848e7655a32a7b7a00ac46fc13ab156ef51dfebb4101d4a,[AGIP 122] Allocation of Quickswap POL Rewards,0x20906e454A9D20181350630EAD131d8DfA21dD3F,2024-06-08,491
0xb5441817ecff8a693937ff1c16562c9d1d43c4bbf76490220d7d34da181bb43d,[AGIP 121] AavegotchiDAO MCON III Sponsorship Package,0x20906e454A9D20181350630EAD131d8DfA21dD3F,2024-06-06,521
0x9b3d0d73ff761611be704a786b207a4f74c697febfdb1e95414d83c55989a05f,Community Wearable Schematics Release,0x8AF4277C5E84158494e2EE4cdEF463F87abdAE4c,2024-05-28,490
0x9cda0125cd357f78a6f406b0a81f3bf2e2bc0dae3bae0e7e4292ebef86f8861d,Allocation of Quickswap POL Rewards,0x50f461F471e7dCe973e27f0e319eBe868135D764,2024-05-28,504
0x04a70afb2d93046600ae74a24926ac34161902e24c336aac705dbee7683880e1,AavegotchiDAO MCON III Sponsorship Package,0xc89A3292Eb0a8396A2505deB6195AFA7f83A8A30,2024-05-23,613
0x2c5e2fdb08c93169f3085e0ccbc282be516ed305b9ab2fb63e318d5f0cc55ca3,Election for DAO Facilitators,0xe5F6Dbc39334f3E79C149efB8C8c9c8dEc474aF1,2024-05-19,612
0xbb7e75512a55d15a6233e13a83af5ce5638c36b5a96e3dde8c4560acf904038a,[AGIP 120] Allocation of Aerodrome POL Rewards,0x20906e454A9D20181350630EAD131d8DfA21dD3F,2024-05-17,472
0xad47cd52673adaa683163864fd2c73120186a6086f6b581b0305687eda8d58a3,Allocation of Aerodrome POL Rewards,0xC3c2e1Cf099Bc6e1fA94ce358562BCbD5cc59FE5,2024-05-09,470
0x2d8df1e8ad91c9b928e9d0c319e8cabfef103e48fbc7a8933d889b1389a17873,[AGIP 119] Convert all DAO-owned $DAI/$aDAI -> $USDC/$aUSDC,0x20906e454A9D20181350630EAD131d8DfA21dD3F,2024-04-27,505
0xba11262fc75ec6b49dafcdfb55c6aa3395ce58c18aa377b6a955d695a27ff3f0,[AGIP 118] Proposal to Add Liquidity on Aerodrome and earn AERO,0x20906e454A9D20181350630EAD131d8DfA21dD3F,2024-04-26,520
0xfa46eb6789d3230b7a56919aa3902bd835053049ab59e56b04e9185f06abea60,Convert all DAO-owned $DAI/$aDAI -> $USDC/$aUSDC,0x8D4f6A8173E66eCb8925580cf54dF41208E0efC2,2024-04-20,562
0xad9c32042678c6250507f602a57ea52846efe8391d781bc9476683e9347bef63,[AGIP 117] Custom IRL Aavegotchi Physical Arcade Machine,0x20906e454A9D20181350630EAD131d8DfA21dD3F,2024-04-18,675
0x4ffa41a2ab80839e03bbc0eaa1d4f8b210f294aad043343809d4f8b36059f11a,[AGIP 116] Elected Facilitators for DAO Meetings,0x20906e454A9D20181350630EAD131d8DfA21dD3F,2024-04-18,660
0x63537aa0e51e8f5c52d12b23874ce837c68a3ae78a1528d860797b58af522a2b,Proposal to Add Liquidity on Aerodrome and earn AERO,0xC3c2e1Cf099Bc6e1fA94ce358562BCbD5cc59FE5,2024-04-18,547
0x62cb52138d0d66f0b363156f0be470d2289f7e64aa0b00a98f09a52ec6e4cba4,[AGIP 115] FAKEwaar Continuing Development Fund,0x20906e454A9D20181350630EAD131d8DfA21dD3F,2024-04-11,543
0x6f06c1434b218cc1673ee6b34a0e11feefc4db101b291d0057748a287917b2d4,Custom IRL Aavegotchi Physical Arcade Machine,0x9730299b10A30bDbAF81815c99b4657c685314AB,2024-04-04,633
0x1470e49097b506d8aa9f017f1fd13328f456cba790c8df48bc789375c6cd723a,[AGIP 114] Strategotchi V2.0 & Voxel Unity SDK funding,0x20906e454A9D20181350630EAD131d8DfA21dD3F,2024-04-02,651
0xc0549f5d1bf319645e3835ed4404d8ed6bd364c1f30ca4a60b542ce9a12c56bf,FAKEwaar Continuing Development Fund,0xa1BbD8D39eD536DEa030A32F3F6C5916C845A800,2024-03-30,1075
0x8a3fcec5a5f4686d805dd7995279d4a62723238c4e8198673cbff204fd578b4a,Elected Facilitators for DAO Meetings,0x4a6f00fd13e2695A3F056510DEF18F17d03C9b0C,2024-03-29,1110
0xb1c3b5c9954e3e7a00498296396b4b516bae69ba6a62b4e1c9c3d209d1eaf672,Strategotchi V2.0 funding,0x941a95E58A293f1D8b5b43dFBdE07569ca96Bd90,2024-03-20,1002
0x9e2dfd4a35b6069df9c0e29a4d88f197a3a6af816f5275b210a768521c734b97,[AGIP 113] Gas Fee Reimbursement for DAO Directors,0x20906e454A9D20181350630EAD131d8DfA21dD3F,2024-03-07,1299
0xc4a1181fa1d6ede81e71c195aab84a21c1431f8a8b28221100e42720b84c2df3,[AGIP 112] Establishing an ETH Sell Ladder,0x20906e454A9D20181350630EAD131d8DfA21dD3F,2024-03-07,1296
0xce481514fa4f8c08b1384a2fdec32cf4b90fb24bedcf834cbf1e87ddafac418f,[AGIP 111] Staking 350 ETH with Lido and Acquiring rETH ,0x20906e454A9D20181350630EAD131d8DfA21dD3F,2024-03-07,756
0xe2536a75bf80798f65559eeb832312198d9a9c640b5660f432e1e71de60dd945,[AGIP 109] Rarity Farming Season 8,0x20906e454A9D20181350630EAD131d8DfA21dD3F,2024-03-05,672
0x5b328a78c8461910ec5cc9240eb9143efcfcc4a537304c30235d969ffab02ec3,[AGIP 108] Gotchi Battler V1.5 funding,0x20906e454A9D20181350630EAD131d8DfA21dD3F,2024-02-26,1127
0x21817797ee5a9ec55743cc7899c81ebe9e05ec02c7cd7bd6d5fbd220cd4129e4,Rarity Farming Season 8 (Re-repost),0xA5643D9B4A2049d578a690269Dbc13426b352672,2024-02-24,795
0x9fffad99521c41c1443b9b8501722adbac990e5677bbec9480b2f2c76408a5d4,Establishing an ETH Sell Ladder,0xd281F988242C900d67fF2aafABe683B8004Ee778,2024-02-22,1226
0x2561da8b465ad0b7542e89fa6101ce38c828d505910593c3b576ef2a867e9bc1,Staking 350 ETH with Lido and Acquiring rETH ,0xd281F988242C900d67fF2aafABe683B8004Ee778,2024-02-22,1183
0xd80bddef82f5543ff581139ef060e9571fcf2825df15e7bda7f740cddc6c8459,[AGIP 107] Gotchi Battler -  Prize Pool Funding,0x20906e454A9D20181350630EAD131d8DfA21dD3F,2024-02-15,1126
0x212d3baf686a5903de904f1ae41995e9caedf7b490ec511bb67636c362c77151,Gas Fee Reimbursement for DAO Directors,0x50f461F471e7dCe973e27f0e319eBe868135D764,2024-02-11,1332
0xf483d72d6bc3f6bfe318905211a5a274520695d9af9174f948e65bb8869aea82,Gotchi Battler V1.5 funding,0x10B989914A478Ed7DE2d2C4CC4e835bbd3de229b,2024-02-08,1334
0x4c05f8411850c2155c423417c6ce554e1750a04d31ec1b9bf85b716d46a50745,[AGIP 106] Aavegotchi x Sandbox Experience - Expansion & Maintenance,0x20906e454A9D20181350630EAD131d8DfA21dD3F,2024-02-06,1275
0x6714bd532f3bca44a2a92c221d3b57f51682c57047f15505a1205493b7ee4cbf,Gotchi Battler Protocol Rewards,0x10B989914A478Ed7DE2d2C4CC4e835bbd3de229b,2024-01-30,649
0x10aa77a1fb0b348dfd5f40b0643f61d67c31a37129ca5cb0f452bdd951f4cf88,Aavegotchi x Sandbox Experience - Expansion & Maintenance,0x20906e454A9D20181350630EAD131d8DfA21dD3F,2024-01-23,1198
0x7a2767fdecf22ff48fe0cc200c5a4018c8950ab7dbdee8b8f39135bd63733d5f,[AGIP 105] Supply  ~3.5M Treasury DAI to Aave,0x20906e454A9D20181350630EAD131d8DfA21dD3F,2024-01-08,1469
0xa66c045753435dda2bc8b35e95fe0dbda5087b1665c9ea50e64c82fbf6fdfe26,Supply  ~3.5M Treasury DAI to Aave,0xd281F988242C900d67fF2aafABe683B8004Ee778,2023-12-20,1426
0x2585c9a492118092309a0c60738f704129297e4384c7bec47694e02a6448bf94,[AGIP 103] Strategic Treasury Diversification into Ethereum with $3M ETH Purchase,0x20906e454A9D20181350630EAD131d8DfA21dD3F,2023-12-19,1476
0xce4c9735a8c6ba58adc123b6e91fe94c729cf45546db88647ecdb9bf77ebb485,[AGIP 104] Upgrading the ATF,0x20906e454A9D20181350630EAD131d8DfA21dD3F,2023-12-18,1433
0xac53f22b919be753d98f159df7d5f6883861ecb7c5c47f35b3ebfdec2f6be3c6,[AGIP 102] Dropt | TFG Alpha Funding Proposal,0x20906e454A9D20181350630EAD131d8DfA21dD3F,2023-12-18,1453
0xf450366e0d33ce08c2c86e16b7463b6a1696849893dc6ffb8f00fdf40118d803,Upgrading the ATF,0x20906e454A9D20181350630EAD131d8DfA21dD3F,2023-12-11,1193
0x1607f167c1f4f1dc9e817c7da387886655e39c8982f25423ce8ad8d90d82c10e,Strategic Treasury Diversification into Ethereum with $3M ETH Purchase,0xd281F988242C900d67fF2aafABe683B8004Ee778,2023-12-10,1107
0x0486b8e67ca6e62572f46bac263bebb7a5a6e45420d4be33e29e3707dd81f7e6,Dropt | TFG Alpha Funding Proposal,0x8AF4277C5E84158494e2EE4cdEF463F87abdAE4c,2023-12-09,1189
0xce52040a02927a460303484c408f10ac0405a2c4bb3ffa1a0262ab5b42f9df44,[AGIP 101] Strategotchi V1: Funding Proposal,0x20906e454A9D20181350630EAD131d8DfA21dD3F,2023-11-29,1381
0xd26cce5529ae0bf5bdba4c17d3a9a39c823c186c86ed3805ad9fc1876d14bd87,[AGIP 100] MECHAGOTCHIS V1 ,0x20906e454A9D20181350630EAD131d8DfA21dD3F,2023-11-29,1402
0x782d1fe91e144788819da2d6c965a1d58aa0e670f2f1bc7a501429b823c9b4a8,Strategotchi V1: Funding Proposal,0x20906e454A9D20181350630EAD131d8DfA21dD3F,2023-11-17,1140
0x48ed1bfe262897452dbccdada4f280c8c5d2a41150640fb583e3f5df50eb6572,MECHAGOTCHIS V1 - Funding Proposal,0x20906e454A9D20181350630EAD131d8DfA21dD3F,2023-11-13,1176
0x551268ae0158295bfa0e818cac2ddf1356149f1dfbdb9727028f29833b3e53e5,[AGIP 99] Gotchi Greetoors (formerly ITF) Funding,0x20906e454A9D20181350630EAD131d8DfA21dD3F,2023-11-06,1456
0xc4a9034b518ae0ba34181e3f835fa1f525efbf9bc1172b2cdd3fac7bfda5599e,[AGIP 98] Aavegotchi DAO Mission Statement,0x20906e454A9D20181350630EAD131d8DfA21dD3F,2023-11-06,1441
0x0e3aab22b79d92dedc7b0f1c2ee4d405f10dc79cb55719f3540daf38d04febd0,IRL Taask Force,0x9730299b10A30bDbAF81815c99b4657c685314AB,2023-10-30,1150
0xa3236a927c8e75bb96d2e69e51015b1689a5425a6394d52b0257eefa38d84b68,Aavegotchi DAO Mission Statement,0xa1BbD8D39eD536DEa030A32F3F6C5916C845A800,2023-10-28,1185
0x5fa86c431e3e0d5429906f86d1182781b7f0366f554a57631cf0c8fd2dd1c2b5,[AGIP 97] Gotchi Crawler Leaderboard Prize Pool Funding,0x20906e454A9D20181350630EAD131d8DfA21dD3F,2023-10-12,1238
0x4fec11f6ee6c58dc3caa0face6d4894ac1704e63a18be5c9da25b259bac84eb1,[AGIP 96] Rarity Farming Season 7,0x20906e454A9D20181350630EAD131d8DfA21dD3F,2023-10-10,1119
0xb5f59d03cc0e0db509357d4a80f368af1ae6567cd1c57240c251cb1107da56b2,Gotchi Crawler Leaderboard Prize Pool Funding,0x8AF4277C5E84158494e2EE4cdEF463F87abdAE4c,2023-10-05,1278
0x12136b11853cdc116af694d23e83190481119fb7e71048d2fc4ef160d3c0c32b,Rarity Farming Season 7,0x89B123439A9FB0E03C028Ff57d8bc0fc444A7008,2023-09-25,1371
0x47a9ce6f103047d8cb10ca14cd7274cd8d13871080e32cbe0b4efedf6e0b888c,[AGIP 95] Gotchi Heroes Reworked Version Proposal,0x20906e454A9D20181350630EAD131d8DfA21dD3F,2023-09-23,1199
0xded951f11b5b0ef037133c627159aea13acd4a10fe26d509076de5708244a62f,Gotchi Heroes Reworked Version Proposal,0xAf568b4ACaB91A8119994C69B86648271346796d,2023-09-16,1280
0xd46fdc43cf05ad2059c1f1ddd9d129fafcf1a522a4623aaf21438ac6c1672478,[AGIP 94] Revamp the Aavegotchi Rental Protocol to support Parcels and Wearables,0x708800fBf7a7e8E65B1D8BBF651c5c32019e7325,2023-09-15,1281
0x24191cf52ade5500f0292f3b553659424df7c00d0e9945b9efe2807f97e97513,Revamp the Aavegotchi Rental Protocol to support Parcels and Wearables,0x708800fBf7a7e8E65B1D8BBF651c5c32019e7325,2023-09-02,1487
0xd3c0ca68dedf236a9418b51fb9743dc4428182d7b178528f80a448dd5b2aeb6e,[AGIP 93] Alchemica spending Competition - Season 3,0x027Ffd3c119567e85998f4E6B9c3d83D5702660c,2023-08-20,1288
0x95c58ed45937af95c94df7bc959381435ea592bfff55355d8c04ed6d5b2727b6,Alchemica spending competion - season 3,0xac4734d5Cd80C12F3C90edc9DC5589C11ee17896,2023-08-12,1259
0x42da17ccfaf9c99bd5a904de5a9d1f1d72f8e7057594fbd20f9d328ad6b8a109,[AGIP 91] Gotchi Crawler Demo Proposal,0x20906e454A9D20181350630EAD131d8DfA21dD3F,2023-08-02,1513
0x5116dcfea59bb27189e607e990746417840142115f31ecb6223a8748868b2a7f,"[AGIP 90] Geodes, Schematic Distribution, and a Final non-drop ticket Raffle",0x20906e454A9D20181350630EAD131d8DfA21dD3F,2023-07-26,1439
0xae17b512c7055fb2fa0ae2701666c417ebe2c80bc2901eda93d80239a9ca5c53,"[AGIP 89] Forge 2.0 New Schematics, Methodology, and Godlike Sets",0x20906e454A9D20181350630EAD131d8DfA21dD3F,2023-07-26,1409
0x0146fc3a188544b270dd5efc928f3d96e31a9d00bfc6a367fa77c8124bd4df93,Gotchi Crawler Demo Proposal,0x8AF4277C5E84158494e2EE4cdEF463F87abdAE4c,2023-07-26,1366
0x538e41dc85ec65809b2b072d4ebb7dd4af1c9c973cb09f416300b9cc3d3b588f,[AGIP 88] Return 0VIX funds to multisig,0x20906e454A9D20181350630EAD131d8DfA21dD3F,2023-07-20,1456
0x08ea07c9f1b18cd56c280f82b2467acdd21de6a06a7ab44768f4a13b6a6c0372,"Geodes, Schematic Distribution, and a Final non-drop ticket Raffle",0xd281F988242C900d67fF2aafABe683B8004Ee778,2023-07-17,1274
0x24e31f35168d1cc999288a38c012880c6ad4d41e604d66d1bbe4b67a00562990,"Forge 2.0 New Schematics, Methodology, and Godlike Sets",0xd281F988242C900d67fF2aafABe683B8004Ee778,2023-07-17,1290
0x451ca91ce0403999fd4b57f14a9f8cc3a62fed001ea148e01dfec0e9bbbb467e,Sig-Prop: Return 0VIX funds to multisig,0x8E1304EA39C47e791182BA39Fdf362A8767D7E97,2023-07-12,1540
0x705c1bd8e3d6a6455241bfb0b236ea2504fc5bf7157a1073245ec01b4bacb62a,[AGIP 86] Gotchi Battler funding,0x20906e454A9D20181350630EAD131d8DfA21dD3F,2023-07-01,1487
0x3b8609c0632f23ea329f97d7c1de18f84313158aabd173f285c8494285636380,Gotchi Battler funding,0x10B989914A478Ed7DE2d2C4CC4e835bbd3de229b,2023-06-16,1292
0x00c00dc576a8729214934ecf329ef86c4a78428111b030af6fa49a60807c973b,[AGIP 85] Schedule all Act 1 Parcel Surveys (re-rolls),0x20906e454A9D20181350630EAD131d8DfA21dD3F,2023-06-12,1272
0x17b63fde4c0045768a12dc14c8a09b2a2bc6a5a7df7ef392e82e291904784e02,Schedule all Act 1 Parcel Surveys (re-rolls),0xd281F988242C900d67fF2aafABe683B8004Ee778,2023-06-06,1210
0x0a5b7e0c7fb2137cfcb5a546c27f5ddcef066631e79b9d77d1b16e3a501f9e2f,[AGIP 84] Rarity Farming Season 6,0x20906e454A9D20181350630EAD131d8DfA21dD3F,2023-05-16,926
0xb78e62609b02040049c304fb9f0d745a49b32b62a239a965c14ea07263019f0f,Rarity Farming Season 6,0x89B123439A9FB0E03C028Ff57d8bc0fc444A7008,2023-05-16,1230
0x9c4951fcf5371ca2641b7db5ea4d31b64aac4f1f3dbcbc7c7f68a5889ea4b577,[AGIP 83] Thank Aavegotchi Pilot - Powered by Thrivecoin,0x20906e454A9D20181350630EAD131d8DfA21dD3F,2023-05-02,1481
0x368446c881fbea341027014c1aba0004f33af0d2eb769a1a99ad86a665ffeedb,Thank Aavegotchi Pilot - Powered by Thrivecoin,0x20906e454A9D20181350630EAD131d8DfA21dD3F,2023-04-24,1756
0xade68c6cf0285a55e4cf914266761b9a505389ef4686e7972ad5426ac49cd238,[AGIP 82] [Mechanic Change] -- Channel Alchemica through a -2 kinship burn,0x20906e454A9D20181350630EAD131d8DfA21dD3F,2023-04-18,1830
0x28700326fc76752543f263d05770fea9534cff73c107cf8775760bdba9ca1f1e,[AGIP 81] DAO Directors : Treasury officer role,0x20906e454A9D20181350630EAD131d8DfA21dD3F,2023-04-18,1737
0xb07be37d556302c873bee9b232c8a54d5ab8925af72ce9f38828e91fdb6ab5a4,[AGIP 79] Forge 2.0 Request for Funding,0x20906e454A9D20181350630EAD131d8DfA21dD3F,2023-04-18,1669
0xb7b45e605373b2835b92ee570b6aaf06219a1c8042e6a0a467d06c02da17b727,[AGIP 78] Alchemica Spending Competition Season 2,0x20906e454A9D20181350630EAD131d8DfA21dD3F,2023-04-18,1653
0x25c0def94d5fb016fb39ac823755dd2de447bd5de609d25cc108f182391ddcda,[AGIP 76] Create a DAO Treasury Dashboard,0x20906e454A9D20181350630EAD131d8DfA21dD3F,2023-04-18,1423
0xa094958ed44a7905f22b97dc48fc230951b915ede0e0c34017cc8cdc795a30c3,Alchemica Spending Competition Season 2,0x10B989914A478Ed7DE2d2C4CC4e835bbd3de229b,2023-04-11,1307
0x3aaf1baf461192154a33bd41863e0675341599c45a7a1223d6a1008d6c3f8dda,Create a DAO Treasury Dashboard,0x755A89AC371eE91c1E0fC313Bc9efF5Fc150b993,2023-04-06,1342
0x75c2e9cc1472c6d18709ba53653b8e03f863afd8c42e58c5abb48f2d962069c2,[AGIP 75] Aavegotchi X Anata Collaboration,0xb8B95A513C2F754AE61087edfe0057c80513e649,2023-04-05,1519
0x96c8936c66da9ef291e6bbfb2861db523aef347beeb787d0ad4fb01ea1089f89,[AGIP 74] DAO Meeting Management and Delivery: One-time disbursement for fulfilled deliverables,0xb8B95A513C2F754AE61087edfe0057c80513e649,2023-04-05,1482
0x9d2a5cbe986c1c1f30132c3e396470e6b67f7d74ce2afb6a681100ce209d27e0,[AGIP 73] Liquidity Provision: Adding the $2.5M left in a Quickswap Pool,0xb8B95A513C2F754AE61087edfe0057c80513e649,2023-04-05,1379
0x7fe819f1bba47d2322d4bb1f1b796a3a13c96146ac90dba5f3ef436b10323aba,[AGIP 72] Liquidity Provision: Reimbursement of the DAO,0xb8B95A513C2F754AE61087edfe0057c80513e649,2023-04-05,1468
0xfcdb672f451ae4a2cdb7827ca8a686ed57027e977585bc1e30f46c6b8081eb0e,Forge 2.0 Request for Funding,0xd281F988242C900d67fF2aafABe683B8004Ee778,2023-04-03,1495
0x3b80a83886c8648168d2d9451dae55d01ceeb5f016fd3d7f6133bbf53de04b3b,Aavegotchi x Anata Collaboration,0xC76b85Cd226518DAF2027081dEfF2Eac4Cc91a00,2023-04-01,1222
0x5bd52de503a1514c3004398d78db59df3c33839c468d5df95b10826e5c67cd9d,[Mechanic Change] -- Channel Alchemica through a -2 kinship burn,0x8D4f6A8173E66eCb8925580cf54dF41208E0efC2,2023-03-31,1431
0xa816498852ce504a6211102987466964d3bb4a944bcd6484afebdc76dd5c5172,DAO Directors : Treasury officer role,0xBfe09443556773958bae1699b786d8E9680B5571,2023-03-31,1427
0xc77a15f4e715fc9118334e50aec61546332be0011fed3740e20c8f71375b2e57,DAO Meeting management and delivery. One-time disbursement for fulfilled deliverables,0x4a6f00fd13e2695A3F056510DEF18F17d03C9b0C,2023-03-29,1541
0xb8418b96099bc828a60aecf39b92f6d4c3f87a0a897c8bd5c85f0929798df967,[AGIP 71] Gotchi Lodge 2023 Budget Revision,0xb8B95A513C2F754AE61087edfe0057c80513e649,2023-03-29,1417
0x41c9e422c666c17d1961f7b210f9fa0278e6729f1a61e70a0719623c334abac6,[AGIP 70] Alchemica + GLTR Taskforce Funding,0xb8B95A513C2F754AE61087edfe0057c80513e649,2023-03-29,1562
0x311efd4b571ade64041f1859adede6511aaefaf9e9380a7895b5fd7b3680694d,Liquidity provision : Adding the 2M$5 left in a Quickswap pool,0x50f461F471e7dCe973e27f0e319eBe868135D764,2023-03-27,1527
0x483f8705d55038ccbcbc20ed723b538034c0f768bda2ec749b2738dafc418940,Liquidity provision : Reimbursement of the DAO,0x50f461F471e7dCe973e27f0e319eBe868135D764,2023-03-27,1512
0x2d40a9c545d58a649ac519f74ece7860fa9ca92f7a276db4753b1749c934a190,Gotchi Lodge 2023 budget revision,0x4a6f00fd13e2695A3F056510DEF18F17d03C9b0C,2023-03-16,1174
0xc6622d08b9786e543699695b422c361d2bf6ed1d4395d9e365dd70d8301d440b,[AGIP 69] Securing Protocol Rewards - Operational & Funding Request,0xb8B95A513C2F754AE61087edfe0057c80513e649,2023-03-08,2068
0x59c001336592a05451805f89d66859159a136bfb850aa4263ec962f65134e2de,[AGIP 68] Fund fireball.gg Team to Develop Guilds,0xb8B95A513C2F754AE61087edfe0057c80513e649,2023-03-08,2028
0x5e4b482614bf859199ef9134e3e8efaefe39047d4f1b48cd2750c4bb8374a0a0,Alchemica + GLTR Economic Taskforce funding,0x10B989914A478Ed7DE2d2C4CC4e835bbd3de229b,2023-03-05,1620
0x9e71af4605d33f57f68ded125ea95da0b766cffa6eb709f2b320b5e095620de2,Securing Protocol Rewards – Operational & funding request,0x8D4f6A8173E66eCb8925580cf54dF41208E0efC2,2023-03-02,826
0x4fcf6ce9107b62231a92c3c3bed6a5806732b37e5da443883d4f8e5a5286177e,[AGIP 67] Curve Transition Plan - Securing funds for liquidity,0xb8B95A513C2F754AE61087edfe0057c80513e649,2023-02-24,956
0x93f3e0fc14dec5ca662b6ec0df89a8ec3e22502e0171c326d087defd93c5ac2f,[AGIP 66] Form and Fund the Curve Transition Team,0xb8B95A513C2F754AE61087edfe0057c80513e649,2023-02-20,1778
0xda5dc0306f37d55d5a1b61d8ddc3dd3af70bf96377476706514f75198dc98950,Curve Transition Plan - Securing funds for liquidity,0x50f461F471e7dCe973e27f0e319eBe868135D764,2023-02-19,1200
0xdae48a92f83f8317dac11e1f28475ce38f6cf9b1986695b6d229e50ca24c03ea,[AGIP 65] 25/25/25/25 Split for Curve DAI,0x5e31c357d03e9528E9BF95bD16e5c1aB3f7D37D0,2023-02-19,1625
0x6cabf7712786db0f3a954fe03e84c44a12d4b14aa2fb5243c606607bf6296bf1,[AGIP 64] Close the GHST Bonding Curve,0x5e31c357d03e9528E9BF95bD16e5c1aB3f7D37D0,2023-02-19,1642
0xfecb010001c499cb65a4b5f0c19f729fb1135fadea497f099f3b612a57decb21,Sigprop: fund fireball.gg team to develop guilds,0xb9AD10B590bCd2b0dB23d0005b2DB0d53d9a1cF0,2023-02-19,1531
0xfb622fe34ebf295d55d6d9a44d6da55176861f24c8d9393af7838cae393e6f7f,[AGIP 63] Aavegotchi X The Sandbox,0xb8B95A513C2F754AE61087edfe0057c80513e649,2023-02-15,1719
0x69f0ac4e4dc5c651d56940ba4717fedcf8813743c4f5a27967317a8fb29e69da,[AGIP 62] Infinity Keys X Aavegotchi Paartnership,0xb8B95A513C2F754AE61087edfe0057c80513e649,2023-02-15,1643
0x2d9a7ecb7a5e503a3fb1b252bbf66a3bc20f07517de83c8043cf36e0954496a4,Form and Fund the Curve Transition Team,0xd281F988242C900d67fF2aafABe683B8004Ee778,2023-02-13,1496
0x2ab8f9ec193623518f69cbdf31c3c945a03af82bcac03300f927ec87149c0782,25/25/25/25 split for curve DAI,0x10B989914A478Ed7DE2d2C4CC4e835bbd3de229b,2023-02-12,1521
0x0f8ae0b2eebe1eddf0dc7e2c49b07fcec17338101a4a21f5aa48e9bb3f35ef28,Sigprop: Turn off the GHST Bonding Curve,0x5e31c357d03e9528E9BF95bD16e5c1aB3f7D37D0,2023-02-11,1559
0x16f6d4043da35ef318a9071e701e905adab8fe3928c2584880aae786c2357eb3,SigProp: Aavegotchi X The Sandbox,0xfbb073e09D84970d1eFe099aBBE9E626f8FF7024,2023-02-09,1128
0x35f331772e625d209848a32cc25e84fef06d56cca7d270ff0031dcdeb38f3b4c,[AGIP 61] Launching the Aavegotchi Forge,0xb8B95A513C2F754AE61087edfe0057c80513e649,2023-02-06,1467
0x4c43e12bf5d84d049e907194c48f514e1efacb6ec1f1c5c742d0530a86df021a,[AGIP 60] Gotchi Lodge 2023,0xb8B95A513C2F754AE61087edfe0057c80513e649,2023-02-02,1532
0xa749417f53627cc60140332e3c9e37fbb2779b50b96e71aff005244e71367a46,[AGIP 59] 2023 DTF Budget Request,0xb8B95A513C2F754AE61087edfe0057c80513e649,2023-02-02,1494
0x6fd66b330df28c8ca3fab19da85d632be22a3dc393ae468bee6e9e88fa248b25, Infinity Keys x Aavegotchi Paartnership [Updated Numbers],0xc13eC844Eb19D6A72DDD5F2779484BA35279A817,2023-01-29,979
0x378153f1fe22c673bb57d4c421b6ef93f5562f806317950be7c189547c0458c2,[AGIP 58] Launch Round 2 Parcel Rolls,0xb8B95A513C2F754AE61087edfe0057c80513e649,2023-01-26,1535
0x1930189873f7591fa60fc108d632c0f11fc35d8fff3eaccc349d05756c54c321,[AGIP 57] Establish the “Core Framework” Guiding Wearable Release - Forge Proposal,0xb8B95A513C2F754AE61087edfe0057c80513e649,2023-01-26,1489
0x23655a075cd863a6c91f5a55557413c2b20b6cf3d41ab12c575437b321e9b851,The Forge v1.1 - Geodes,0xd281F988242C900d67fF2aafABe683B8004Ee778,2023-01-23,1163
0xfd80fb620a1bfc80f1796d5f3cdc47bb62223e7ccbb8333bd4d7deb76c9f1fd9,Forge Raffle Strategy and Revenue Splits,0xd281F988242C900d67fF2aafABe683B8004Ee778,2023-01-23,1147
0xd32d9f40f79c98b69761a9f09f8de0f28a8ec005cc0f01a7f4c9ea3ee8f2e1dc,Gotchi Lodge 2023,0x4a6f00fd13e2695A3F056510DEF18F17d03C9b0C,2023-01-22,1187
0x1dcc158c82df2e95f977ff5853c6dc9ff9a96ccfb2a5f70c30b7c20d75d0346f,2023 DTF Budget request,0x4a6f00fd13e2695A3F056510DEF18F17d03C9b0C,2023-01-17,991
0x0a5979a05cebab1c87e08bbe8d142657d3442e0987d45d36c2eb41584d86da7b,Launch Round 2 Parcel Rolls ,0xd281F988242C900d67fF2aafABe683B8004Ee778,2023-01-10,810
0xf83adaa50a92a963961d07c3547635dd9dfbcf35183bf4cc61a244f6cd1097eb,"Establish the ""Core Framework"" Guiding Wearable Release - Forge Proposal",0xd281F988242C900d67fF2aafABe683B8004Ee778,2023-01-05,965
0x8802a8883ff724f80752cdcfde817b4fdae48d7bc8d7ba7c47e9ed7106d67ee9,[AGIP56] Fund Alchemica Spending Competition,0xb8B95A513C2F754AE61087edfe0057c80513e649,2023-01-03,1267
0xcae82273be9b783832d85214303e0f9f52e2220cedd5acc254b81f5b9457bae7,[AGIP55] Update the Template to Require the Use of ‘Weighted Voting’’ ,0xb8B95A513C2F754AE61087edfe0057c80513e649,2023-01-03,1273
0x123768584b0e878a6466a293e402702de7427f0657ea24fd60d71589d0b3003e,[AGIP54] Creating the Aarcade Taask Force (ATF),0xb8B95A513C2F754AE61087edfe0057c80513e649,2023-01-03,1232
0x5f3b6ff62ae4b8535e057b4f3af2c85ec93762dac95031a014c409969e3a0fc8,AGIP 51 REVOTE: Election for DAO Foundation Directors / Multisig signers,0x5e31c357d03e9528E9BF95bD16e5c1aB3f7D37D0,2023-01-03,1174
0x0e51eab4886527f297d8470f0434e502032be7368d69a2f71ac06057e193ebec,Fund Alchemica Spending Competition,0x10B989914A478Ed7DE2d2C4CC4e835bbd3de229b,2022-12-08,848
0x1f84e1141646282c7e09271cd267c15537298b8086f03c97d2cdefb1f7a181e5,Update the template to require the use of 'weighted voting',0xe5F6Dbc39334f3E79C149efB8C8c9c8dEc474aF1,2022-12-04,763
0x84119ecd3be2cd0fd2382ffaf2db0490967b3456ff19695e6629fdeeb9058dbb,[AGIP52] Rarity Farming Season 5,0x5e31c357d03e9528E9BF95bD16e5c1aB3f7D37D0,2022-11-27,1127
0x1b8438ec161f2b18dad49ebfcc9524340d030f4ec69a5fd71f732290ccb51bb4,[AGIP 51] Election for DAO Foundation's Directors/Multisig-Signers,0x5e31c357d03e9528E9BF95bD16e5c1aB3f7D37D0,2022-11-27,1068
0x345ddec87f19d29b438ac88d0f947798af6edadbe1116cb64f96edc931f06fb3,[AGIP 50] Create AavegotchiDAO Foundation,0x5e31c357d03e9528E9BF95bD16e5c1aB3f7D37D0,2022-11-27,1110
0x0e2211f4b37efd7dc38710aa13a1b8e7411998a8f53cd872fc0ddd6ed7996ac0,SigProp: Creating the Aarcade Taask Force (ATF),0x26cf02F892B04aF4Cf350539CE2C77FCF79Ec172,2022-11-24,1009
0xa9fb5cbdeae064bf114b27ea77390e93d8515c6c3512d4352f21e99212628483,SigProp: Create AavegotchiDAO Foundation with 9 Directors/multisig signers,0x5e31c357d03e9528E9BF95bD16e5c1aB3f7D37D0,2022-11-21,750
0x534f44397f79c8583ceef44e42ffa8e246e15f3498aac92b3e34b65c313782f3,[AGIP49] Adjust Aaltar Spillover Rates,0xb8B95A513C2F754AE61087edfe0057c80513e649,2022-11-11,1008
0x3f162f96d0bf396cb2cc3f9f39818cbaee7747441e0c50785b84aa243797b940,[AGIP48] The Forge - Request for Funding and Development,0xb8B95A513C2F754AE61087edfe0057c80513e649,2022-11-02,1828
0x73f93b7e65d0e45f5cce9e46b019d60f49a7a3d1b43bf9e3e12a718cccbe7769,[AGIP47] Enacting a Bonding Curve Emergency Plan,0xb8B95A513C2F754AE61087edfe0057c80513e649,2022-11-02,1805
0x4955553b76b9bcaaa0bb0cec2928d0bed759cf957c17f02496452f8d1426c85c,[AGIP46] Creating new Wearable Sets,0xb8B95A513C2F754AE61087edfe0057c80513e649,2022-11-02,1769
0xfa99468d3de270ad12ae805651cae5b7a2a52ac3f1e0ff547308c6c7055ee040,[AGIP45] Preventing Owners from channeling Gotchis listed for Lending,0xb8B95A513C2F754AE61087edfe0057c80513e649,2022-11-02,1756
0x5436b9282dc8bff710b89110a9bcfd81010fe606f4306673f8e7a46058adc658,"The Forge - Fee structure and establishing burn %, DAO %",0xd281F988242C900d67fF2aafABe683B8004Ee778,2022-10-31,882
0xac0a2081017c0540538e877d9bb5f2d8c87dcc1bc47d50435bbfd89cdfcb4962,The Forge - Establishing Aalloy Ratios,0xd281F988242C900d67fF2aafABe683B8004Ee778,2022-10-31,852
0x9ea87c07638280312a87f9e59f795710bd982e44214b5d796e9502bc3362e4e8,Rarity Farm Season 5,0x9EC09FDAc8784AC5004546bD07f0aB5C69205c90,2022-10-28,857
0x771338965e9040fc8b8994986d7d74e162f1142a5cdd4c3c8a2faae11cffcbe7,Adjust aaltar spillover rates,0x10B989914A478Ed7DE2d2C4CC4e835bbd3de229b,2022-10-27,732
0x711c79d517b315b252e90cb6cf7a22e9291c5e052370b2582e4979cf55f055e9,The Forge - Request for Funding and Development,0xd281F988242C900d67fF2aafABe683B8004Ee778,2022-10-14,829
0x1338064afddf6631e90e1a95d12117cf516e5de54e00eb557db5996845f75f47,[AGIP44] Mint and Transfer 50 DAO Parcels and 4M FUD Eq. of Alchemica to the DTF for Contributor Compensation,0x7E4724C60718A9F87CE51bcF8812Bf90D0b7B9Db,2022-10-13,1763
0x57055266d44a9c8679807c917fb0518bfd3ea92e6f21e81b977ce9892c191b6a,[AGIP43] Add DAO Liquidity to GHST-Alchemica Pairs,0x7E4724C60718A9F87CE51bcF8812Bf90D0b7B9Db,2022-10-13,1760
0x49a21a570ed089b0ec7ec72fe4578f836fe05825e41f82e2dbd14801563b929d,Bonding Curve Emergency Plan,0xC76b85Cd226518DAF2027081dEfF2Eac4Cc91a00,2022-10-13,912
0x628d199d302aa3739ce9f53f3bc5ab4f60f28db680ba15196778db9e6f9aa354,New Wearable Sets,0x7D925D094307E7a3DcD693bd9e7984CB3c3a4E61,2022-10-12,822
0xb58136cda9c36f74fce48403002c269c07feb5f327326cafc581b18a0bd50cf0,Preventing owners from channeling gotchis listed for lending,0x8347EB85648d2079604010DDb7649Ce1cEA8C2FC,2022-10-05,492
0x2e8ca843b06faf0be9cc14b33cc819095e9f6a508af9ef52f442d791c00af25f,Mint and Transfer 50 DAO Parcels and 4M FUD Eq of Alchemica to the DTF for Contributor Compensation,0xd281F988242C900d67fF2aafABe683B8004Ee778,2022-09-30,552
0x9b2559ed4cd5dd0c4c3c9b90b73e0e93c839aef64cd00df2d65cc8e97886ac0f,[AGIP42] Setting limits on the number of borrowed gotchis allowed per wallet address,0x7E4724C60718A9F87CE51bcF8812Bf90D0b7B9Db,2022-08-26,1136
0x304df0644d5ba0c929066959c5a2d585a2597630fa90a4642ffe8315e256d31a,[AGIP41] Update GLTR Emissions: Increase GHST-USDC to 20%; Retire GHST-MATIC,0x7E4724C60718A9F87CE51bcF8812Bf90D0b7B9Db,2022-08-26,1125
0x9d8fa69132f66ad8e665549cff91c08de8687a72d2702cb66cd41dbb877f09f7,[AGIP40] Sunset FRENS,0x7E4724C60718A9F87CE51bcF8812Bf90D0b7B9Db,2022-08-26,1122
0x84f361a72e89cee4e27f4d9a7eb5793e0209a0f364a6de9f4f076c43e49b9404,Add DAO Liquidity to GHST-Alchemica Pairs,0xd281F988242C900d67fF2aafABe683B8004Ee778,2022-08-22,805
0x8d17ac8fd583bfa75412b29cc74cdd3cfd20dd5719ea2d4687c8f6e7ad746b1d,Setting limits on the number of borrowed gotchis allowed per wallet address,0xABf128d4be3072cDfCB021E702D2B8d8437c789d,2022-08-15,750
0x120a44dd03ae9a0b3c298b2dffd46ae2a480527aa7dbd124154de686801d4bf6,Update GLTR Emissions : Increase GHST-USDC to 20%; Retire GHST-MATIC ,0xd281F988242C900d67fF2aafABe683B8004Ee778,2022-08-09,524
0x0ad57c0cffa815efcc3f41afac774245777f4bae11fee8d0c0ea956ce34a2427,Sunset FRENS,0xd281F988242C900d67fF2aafABe683B8004Ee778,2022-08-09,514
0xec282bd937a1d85a17726cc00711b78e2fc2f0125ff9af127ddb77497dd024e5,[AGIP38] Stop new BRS Wearable Emissions until further notice,0x7E4724C60718A9F87CE51bcF8812Bf90D0b7B9Db,2022-08-03,1126
0x9923aab6825158ec2503d88e3ee2f9c5fbb12000581d06343ac9829aa59b66a6,"[AGIP37] Configure VP for amGHST, wapGHST, and all GLTR Staking",0x7E4724C60718A9F87CE51bcF8812Bf90D0b7B9Db,2022-08-03,1125
0xe9bddee5dfe05a1294844f0e77a1d989051a096cbf2f118b946400f6abb60fc3,Stop New BRS Wearable Emissions Until Further Notice,0x8AF4277C5E84158494e2EE4cdEF463F87abdAE4c,2022-07-22,853
0xa0822fa69d7a7c66e75462ebe3dc212fdcf20100ff6226de36ba31e9ccc6b534,"Configure VP for amGHST, wapGHST, and all GLTR staking",0xeEA5c309a371d6351ACFc8D7A969b114250999Bb,2022-06-24,771
0xd610a038fb70717cefa788332d6cfbfd4504723fa2b33dc5689b542752da3cde,[AGIP36] Utilizing the Channeling Hot Zone,0x7E4724C60718A9F87CE51bcF8812Bf90D0b7B9Db,2022-06-22,1123
0xf614634f7b1864d19ea144dd68280df6c3cb3e514e2e20929767e6ccd2f4022c,[AGIP35] Delay the 3rd LAND auction,0x7E4724C60718A9F87CE51bcF8812Bf90D0b7B9Db,2022-06-22,1099
0xe9ceb07837c7b04420f33fb324c220694241c84ffd6bb50c2651e3376326adb3,[AGIP34] AavegotchiDAO <> Pixelcraft Studios 1.75M DAI Token Swap,0x7E4724C60718A9F87CE51bcF8812Bf90D0b7B9Db,2022-06-22,1087
0x599754e6bf5a683d0a44aadbcad78df0522bdeb448437ff79c70b6077408fe58,[AGIP33] Change Harvester Recipes,0x7E4724C60718A9F87CE51bcF8812Bf90D0b7B9Db,2022-06-22,1075
0x68dc76a5d1069e58f1409d644824044df823c304fc349f85b38ccb0fcd95e4a4,[AGIP32] Use DYST voting Power to Support vQi-Qi on Dystopia,0x7E4724C60718A9F87CE51bcF8812Bf90D0b7B9Db,2022-06-22,1065
0x2ddd04ae165c6f6245f4cdd83abd00bb1644bf78fd6719eae394f9db4e00d910,[AGIP31] The launch of RF Szn 4,0x7E4724C60718A9F87CE51bcF8812Bf90D0b7B9Db,2022-06-22,1074
0x0083cbe7075879510d4990592942fc9a34e03eebef45f996d0e4b85b796362a0,Delay the 3rd LAND auction,0x10B989914A478Ed7DE2d2C4CC4e835bbd3de229b,2022-06-15,450
0xf9dafc88fce3ceff0e6c0c04936862c9e4cc5889850749631632af2e5b903452,Utilizing the Channeling “Hot Zone”,0xC76b85Cd226518DAF2027081dEfF2Eac4Cc91a00,2022-06-14,437
0x0961e22cee743a73c357290164af0346550d9a8d63bb5aba7a566e92ff922e99,SigProp: AavegotchiDAO <> Pixelcraft Studios 1.75M DAI Token Swap,0x7E4724C60718A9F87CE51bcF8812Bf90D0b7B9Db,2022-06-14,419
0x68d71869abad49650bfc9caff038329e46071bb007aab9b7a2756d6550864e79,Sigprop: Change Harvester Recipes,0x8AF4277C5E84158494e2EE4cdEF463F87abdAE4c,2022-06-13,561
0x1399095d33be4ea641e5781dfcf290bf1ca9d4248be904cebdf737a1bfe54eda,Use DYST voting Power to Support vQi-Qi on Dystopia,0xd281F988242C900d67fF2aafABe683B8004Ee778,2022-06-07,380
0x4141053b88d168cde02a864ea20551f087f8eda33b24fbdde2e7a58d0509c01e,The launch of RF Szn 4,0x9EC09FDAc8784AC5004546bD07f0aB5C69205c90,2022-06-06,527
0x658926263e4ce1eca559950bcb0f5d8f203758c5c99b30999bb7f082552695b8,[AGIP 30] Scheduling Land Auction/Raffle #3 for June,0x5e31c357d03e9528E9BF95bD16e5c1aB3f7D37D0,2022-05-20,1806
0xbe89c5f01a02817058d66459cb00a399c45aa8991e29121fb1ca3b0e11e0c84b,[AGIP 29] 24h windows for Alchemical Channeling,0x5e31c357d03e9528E9BF95bD16e5c1aB3f7D37D0,2022-05-20,1810
0x7a909952a8badb720b6cb7a6369a9f0b546d0d2f844b5e433cb3b90d24a400dc,Amendment to Limits on Solo Alchemical Channeling: 24 Hour Period to begin each day at 00:00 UTC as Opposed to Last Interaction ,0x956F1CE3ff2ea59A8b41DF83Ce9F85ED59D73F92,2022-05-02,670
0xfd951dd8a3ad746e1a371a35183ca4b4b7caca5824872b14c4e623dc88060893,Schedule Land Auction/Raffle #3 For June ,0xd281F988242C900d67fF2aafABe683B8004Ee778,2022-04-16,1008
0x8b5862698c550b53e57f6ce4628a7a13ed5a4772e541c414e9a27fbcf95cf8c2,[AGIP28] Extending the DAO Treasury Task Force Multisig,0x027Ffd3c119567e85998f4E6B9c3d83D5702660c,2022-03-23,2066
0xbe4999b68f97f0e3406d65aff4e36a97768af72eb5cbd16c92641dcfdd6f35c9,[AGIP27] Alternative Gotchiverse Trait Mapping,0x027Ffd3c119567e85998f4E6B9c3d83D5702660c,2022-03-23,2206
0x09c3132896ba5c8e677e018a86ba1a74729955f64799dbfd4e422058f9198817,[AGIP26] Reducing the Parcel VRF Variance,0x027Ffd3c119567e85998f4E6B9c3d83D5702660c,2022-03-23,2180
0xa8ae9fff29189ddf79845a7875ccfc696273aa2fca9fed42140a6bbe55f12b97,[AGIP25] Delay Gotchiverse Land Auction & Raffle 3,0x027Ffd3c119567e85998f4E6B9c3d83D5702660c,2022-03-23,2483
0x2fd1336f439b29a7096478a1d9571acc83597b2b345103fdb35e02125f5a2dcd,[AGIP24] Deposit 3M Treasury GHST into Aave,0x027Ffd3c119567e85998f4E6B9c3d83D5702660c,2022-03-23,2483
0x2dc22c74619badf938f2d34d2fa13ee46dcd800479e0e09a258888aa602eab08,"Alternative Gotchiverse Trait Mapping for NRG, AGG, SPK & BRN",0x2D5f86cd294cA6c92189340EaEFf41fc63Dc66EF,2022-03-17,914
0x2d7a9e2b9c450c124dc0c03e3aeb6c82de79ca3773616cec4d0efa2625545829,Reducing the Parcel VRF Variance,0x7E4724C60718A9F87CE51bcF8812Bf90D0b7B9Db,2022-03-01,1009
Qma2VxRCGQUTTe3kQH72kqjStgTETUDdvdaQYT7JiqV1Ko,Delay Gotchiverse Land Auction & Raffle 3,0x26cf02F892B04aF4Cf350539CE2C77FCF79Ec172,2022-02-12,840
0xdef7d35ea26832b4edffda176458f86744f402d7db151993ffe34f8122da7113,[AGIP23] Co-Sponsoring the GoodGhosting Pool,0x5e31c357d03e9528E9BF95bD16e5c1aB3f7D37D0,2022-02-08,2134
0x5ffa4d3b8f4c1d744424af5c0f079ebfa286c9aec9c35e898c2c02bee87a0b60,[AGIP22] Launch Rarity Farming SZN 3,0x5e31c357d03e9528E9BF95bD16e5c1aB3f7D37D0,2022-02-08,2138
0xeaac981066e143c46c7a616d2e6ff004d7d4d354005e077f01e3698041e4780a,[AGIP21] Adding GHST to the Umbria Narni Bridge,0x5e31c357d03e9528E9BF95bD16e5c1aB3f7D37D0,2022-02-08,2095
0x5788802010be78b4b6644f114efdf6536e43f57588596cc02c4a17bba5ee6ba5,"Deposit 3,000,000 GHST from the Treasury into Aave",0xF815a566E42b0D8ddD5D77f91409A7d9CeB10B92,2022-02-06,1249
0x17f3eec096b26e87b3441f7cad53108f6933fd32ac67417de6ef7c94970502e4,[AGIP20] Creating the DAO Treasury Taask Force,0x027Ffd3c119567e85998f4E6B9c3d83D5702660c,2022-02-01,2820
0x560e97ce27e9c99470a0a609e36d4c4cd20e948eae92691ea2ba2afb984e7e41,[AGIP19] Providing GHST Liquidity on SynFutures,0x027Ffd3c119567e85998f4E6B9c3d83D5702660c,2022-02-01,2360
0x6d6a96b75102b5808de9f4bdb6dc98062085847f3c4241ae5243af4f1608434f, GoodGhosting <> AavegotchiDAO Collaboration Request,0xca4aD39F872E89Ef23eABd5716363Fc22513E147,2022-01-31,984
0x396844d504394f7f335f070d443c33455300ee21d90db6c4b089760a3e0469bf,[AGIP18] Gotchiverse Patch v0.1,0x027Ffd3c119567e85998f4E6B9c3d83D5702660c,2022-01-04,2765
0x41faa0fa14ed1948a7e0c0c8e0f79890762181d7648c206117324143ffccec40,Should we start rarity farming season 3 in Q1?,0xE29555e804e414E295E2A059Fc49d002EC18F268,2021-12-23,1493
0xe011f10e23135bf2cfe25f67ab143d2cdad03c0ffae9f9c520d75442b2622644,Add GHST Stake to the Umbria Narni Bridge,0xEe0861faBEdc0BD4E41fe9fE97E6Cd1c7e4B717a,2021-12-13,1398
0x5812660a08c053492a70ab5b1cf536cde54cdeffa6f16f92d64f93df56b35d98,Create the DAO Treasury Taask Force,0xF815a566E42b0D8ddD5D77f91409A7d9CeB10B92,2021-12-10,984
0x28b630e088240ee4bb4e680b071767b98b962a4006c71e71f00c782b86adfbab,[AGIP17] Adding Voting Power to REALM Parcels,0x027Ffd3c119567e85998f4E6B9c3d83D5702660c,2021-12-09,2611
0xa4f62aa36c61930f72d35319bb78aac3184ff2ab2bd1904231bdacd5f5380e3b,Patch 0.1f – Allocate 1000 Parcels in District 30 to AavegotchiDAO (aka DAO Square),0x027Ffd3c119567e85998f4E6B9c3d83D5702660c,2021-12-09,2396
0x606addda8240b2209a1721a843e7e65504cd1d28dee7a7ab1c686d4d248c94e4,Patch 0.1e – Allocate 1000 Parcels in District 27 to Pixelcraft Studios (aka Pixelcraft Square),0x027Ffd3c119567e85998f4E6B9c3d83D5702660c,2021-12-09,2299
0x6626b74a3a62f7acf8e81cc17f28f8698d5abbb540234d1ef38fb1f4e0962417,PATCH 0.1d — ALCHEMICAL CHANNELING KINSHIP BOOSTS,0x027Ffd3c119567e85998f4E6B9c3d83D5702660c,2021-12-09,2304
0x76c52e544a20c03d0e9c074a86b5832060fdce7ea6bf781f035dd37efbb82f4f,[SigProp] Gotchiverse PAaTCH 0.1b — Replenish Boosts After Great Battles,0x027Ffd3c119567e85998f4E6B9c3d83D5702660c,2021-12-09,2145
0x28e62fea96b1ce57626c4de8f3762910d8cab970e2b73f470b0792c1d4440625,[SIGPROP] Gotchiverse PAATCH 0.1a — Revise Alchemica Tokenomics,0x027Ffd3c119567e85998f4E6B9c3d83D5702660c,2021-12-09,2291
0xd654255f22e694369686e9791ff663f38a9f586bd4126831fc9d8ce384208964,[AGIP16] Stake 100k GHST to generate Minigame rewards,0x027Ffd3c119567e85998f4E6B9c3d83D5702660c,2021-12-09,2271
0x917da4b1106a666eecbecb38d4aadf6f091b5fc4c8f94de769811f81eadf1010,Providing GHST as Liquidity on the Derivatives DEX SynFutures,0x7E4724C60718A9F87CE51bcF8812Bf90D0b7B9Db,2021-11-29,2212
0xa1f06ffcdd5f5d51c5f82022e8a25ecc7672252f8a47d9ee484b9fe3b6cd5b3a,[AGIP15] Create a Wearables Taask Force,0x027Ffd3c119567e85998f4E6B9c3d83D5702660c,2021-11-11,2011
0x42914b268d255efe0eea943d052e5dc7eab0cbbcde9d3cb809f027e3ea1f611f,[AGIP14] Earn FRENS with GHST-MATIC LP Tokens,0x027Ffd3c119567e85998f4E6B9c3d83D5702660c,2021-11-11,2003
0x66bc9c2ce7258fab94bec9013ea6da925848500c0a885ca3a20a4d2ce7a8ec98,Should we give voting power to REALM plots?,0xE29555e804e414E295E2A059Fc49d002EC18F268,2021-11-07,1906
QmYegu9Mt7akxcF6RGhaYTecpJGaMnjFUe341fBUidAH33,Wearables Task Force,0x60c4ae0EE854a20eA7796a9678090767679B30FC,2021-10-11,930
QmcAQLdAyS9n7LWDu9qvRtdNqJa7FBStadrHq3xqjW9kCT,[AGIP13] Introduce an Aging Boost for Aavegotchis,0x027Ffd3c119567e85998f4E6B9c3d83D5702660c,2021-10-01,1902
QmSwYHwbv9wUZbhZ1J7YK3pd2MexndjsR6B4yWKKg9KxP4,FRENS for GHST-MATIC Pair on Sushiswap,0x708Ef16bF16Bb9f14CfE36075E9ae17bCd1C5B40,2021-09-29,1160
QmdLouPY9ipn2ezC2RR5Fjcz8auhX1uLajk9QS8nrctfsY,CoreProp: Liquidity Manager / FRENS Committee,0x5e31c357d03e9528E9BF95bD16e5c1aB3f7D37D0,2021-08-16,1045
QmTuVnGnZSUC4uWRVQrd3HwmJATtvJVpjNikCkifChyJwY,CoreProp: Launch Haunt 2,0x5e31c357d03e9528E9BF95bD16e5c1aB3f7D37D0,2021-07-18,978
QmfCqAbEQHZtZtoRNGfJ9Dg34ttV7JRv2GawbxPJcZN3hY,Liquidity Manager / FRENS Committee,0x7E4724C60718A9F87CE51bcF8812Bf90D0b7B9Db,2021-07-17,464
QmQV287BVXYYMZLTb9hbTeLQFgVXoYF2rMXEvLn6UbfBKK,SigProp: Launch Haunt 2,0x5e31c357d03e9528E9BF95bD16e5c1aB3f7D37D0,2021-07-07,1144
QmV3xdUskpTtd6JYyCgV7tjWeBGira2ZPFcdk2YDy3UPHE,"Core Proposal -- AGIP #10: Co-fund partnership between AavegotchiDAO, Pixelcraft Studios, and DinoSwap",0x027Ffd3c119567e85998f4E6B9c3d83D5702660c,2021-06-12,833
Qmat7jeAS1W3BBq7yDi2jkHjNoywmUEfrF2FdPiS9CcGHa,Core Proposal AGIP9  --  Give Voting Power to Wearables based on Maall Price,0x027Ffd3c119567e85998f4E6B9c3d83D5702660c,2021-06-10,1006
QmZnzgvkEzHvwkYPGLFQLtVvvoMzBXPWhznux1udHzbUim,AGIP8 Proposal Details -- Give Voting Power to Aavegotchis based on BRS,0x027Ffd3c119567e85998f4E6B9c3d83D5702660c,2021-06-10,1001
QmXmhmHGEQiRbD95UesBrA5pDn56qNmbe1YYSPruXsiyby,SigProp: Should AavegotchiDAO match Pixelcraft funds in partnering with DinoSwap,0x5e31c357d03e9528E9BF95bD16e5c1aB3f7D37D0,2021-06-07,570
QmZgCA2QwF2oQDwMnhmgWPCJg45fgvrfGKtptUnBFZHLKj,Signal Proposal: Fixed Voting Power in GHST for each Aavegotchi,0xbFCb6A91c12e0e8Dba3adE803dfde67F94c8DffE,2021-05-21,554
QmfGQZ7jSgS5L9aFBR8QdwZyVaXhWneYgPvKzWFNRBPaUj,SPv2: Fixed Voting Power for Wearables,0xfFea5a2cfAF1AaFbB87A1FE4eED5413DA45C30a0,2021-05-22,509
QmctiApzKZHoVsSpzWVfMVL1abRTUNXsoipupNGS52gEuZ,AGIP7 -- Earn XP for Successful Signal Proposals,0x027Ffd3c119567e85998f4E6B9c3d83D5702660c,2021-05-12,745
QmQegsC9xczNqQLCRNPZj62Ha6TXjHkTktbjzSH3EPUkef,XP for voting on Signal Proposals,0x7E4724C60718A9F87CE51bcF8812Bf90D0b7B9Db,2021-04-12,548
QmPUueFJwpCz6rBiucnBYPLxTv2tetzxXWwCi2gSQFMJMW,AGIP6 - Add 0.5% Fee on Baazaar to Support Rarity Farming,0x027Ffd3c119567e85998f4E6B9c3d83D5702660c,2021-04-07,870
QmU4WLexfVT8sXz4XzHqDgXPFhFvK7wRSpBPjxUtktzdZe,Add RF fees to Bazaar transactions- 0.5%,0xfFea5a2cfAF1AaFbB87A1FE4eED5413DA45C30a0,2021-04-02,453
QmfBrnUmfsX57vXWchr1mUNkqMWNeF6edEqdQq11MCvMHJ,AGIP5  --  Give unique non-transferable Background to equip on all Haunt 1 Aavegotchis,0x027Ffd3c119567e85998f4E6B9c3d83D5702660c,2021-03-16,1464