master,slave1,slave2,slave3
0x58c78B5D1875Bdc6448851D3A3d25904CbB4b16E,0x45F055553Eb4A91F4DB1ecF89682cB90b4482B15,,
0x41c75dE9837B49cc34Da8374FE45E8a104b5E37B,0x269e07Eac18b3681F3447263C28A766457Ff074B,,
0xa33Aa58FD2795eA89a84C19CACDad50915194980,0xE29555e804e414E295E2A059Fc49d002EC18F268,0x415817Fe2945611eA8d9C698A2d8BeC4c5A6b68f,
0xfE698c212526F15cc25aF671BebA14aAC309457f,0x10B989914A478Ed7DE2d2C4CC4e835bbd3de229b,,
0x638dD68AE2A2563645FcaAFF2E84910aa21f9ae6,0x9BB3797b7EAd2E3D7ccA79c2C952D1ca5060cC1c,,
0x8f652eFf4ba275E023F124a98aF86025aB0e5Eec,0x109925F4958c236f7f5BB96C284271fafBae701b,0xd04e19d4cDAe0f3251b9f6edc1f6f945AB8CC21b,
0x37E2A074b7BED2Bf2e35c3767a8b673dB2658Bcc,0x86f5badc9fB2Db49303D69aD0358b467cFd393E0,,
0x2e21407be0545C706F25490fbBA532943fCaED32,0x40CF6bb888ca670e20139b1caA0BA0996f65371c,,
0xba39C047714B4CA6244Dc433D3AE3924691e0171,0x1EA25519e4829Bf579a58F133C4bF31e7e6F7565,0xDF14100B76a5b5fd46FbA22b7Ac124919CFfC92a,
0xdc5aAC3b5BD12Aff946A6c263172bfC0392883d1,0x0b31e9737FeE75157A9aA775e35a43dEc1dc2059,,
0x635C1baFe7B01A8c52c73cBa97A35b4B8D96aE81,0x5ba98ca9d272252b6202D7609D7c03FAafd724A6,,
0x50f461F471e7dCe973e27f0e319eBe868135D764,0xBfe09443556773958bae1699b786d8E9680B5571,0x1DC6074361a3cddEe55A61C92BCf7dE1667e1096,
0x40e8d8e881398049a14F31211b48318Ea96341E3,0x7BB8705a3581f549C039401903251Aa010ADe9C6,,
0xA60CA8a1400333468a736c7247BAad6350C6496d,0xa8bd174385B14F880F8b7F06894Cc1bF265Db32e,0x20Ee31efB8e96d346CeB065b993494D136368E96,
0x18BfFf508960710Fee296502De84667C7f4E88cf,0x1087733f43B4f1816a9C5d7adEf200b1A18D7827,0x39001877121f282464112926294459638214E7bd,
0x180f207F8747a966EC94277a69610162D7FA3FF1,0xee5cDa91E4DdCde24D44daFd74BEd4Ba068f8ac2,,
0x543d8004aFA943344E6fba44E189ed0DD4E71D56,0xf0Da745D07d7b71A1FE4862e5Db7cF086e0E30d2,,
0xF1b2caF073b70DCa2BF8D540670abc9d7cC76882,0xf7f83e73480afbc76754e52404a10c70ebb62eb4,,
0x119b91827df70f4378de9912fdfa101fb40364b8,0x90b29f03b7b35326d72c83e414f200ff8b204ccb,0x816e4e35001b150a24fe2818859f5e4064bbf995,
0x7dbFE62Be1aC737d26823611F251d362C52A1141,0x08A534738Ba8Ec107eD65986a3de66c330441b9A,,
0xcBeF46a7Cbe1f46a94ab77501EAa32596Ab3c538,0x2735D0A6e6AFF9eEdC40a9Dc859907dC36a97086,,
0x4E328D608DFC264A86bacd4ab96137Ed39A24f69,0x15Fd5E3a2BD4dBA11Dc70B4229B42653D5018408,,
0x9c155d672e1d7bb3632cb5602aa004577f3e964a,0xce0ea75b2df2a889328476a93510a0cccfb7b0ac,0xd96933b4cc618835e5ac85c39dc14d4f7c764bb8,